﻿alert_name,Description,Business Implications,risk_category,Owner,Key Risk Indicators
Asset Bubble Burst,"Prices for housing, investment funds, shares and other assets become increasingly disconnected from the real economy, leading to a severe drop in demand and prices. Includes, but is not limited to: cryptocurrencies; housing prices; and stock markets.","The inevitable collapse of asset bubbles wipes out the net worth of investors and causes exposed businesses to fail, potentially touching off a cascade of debt deflation and financial panic that can spread to other parts of the economy, resulting in a period of higher unemployment and lower production that characterizes a recession.",Economic,Haime Workie,"Schiller Home Price Index, Schiller P/E Ratio, Crypto Market Cap, Google Trends"
Macroeconomic Downturn,"The risk that a macroeconomic downturn (e.g. major market correction) or shock could negatively impact revenues, ability to raise capital, or result in other financial impacts (e.g., large-scale, unexpected impact on the economy). ","Demand is destroyed as customers and businesses may delay or forgo purchases or investments in response to price hikes or increased cost of capital, potentially leading to a “stagflationary” environment.
Organizations may find themselves with an incorrect risk profile relative to their risk appetites, resulting in insuffi  cient mitigations for the current risk appetite.
Economic pressures could force key suppliers out of business, creating gaps that impact how the organization delivers key goods and services.",Economic,Haime Workie,"U.S. GDP, Inflation, Employment Level"
Third Party Risk,"Increasing dependence on third- parties — vendors, suppliers, outsourcers, licensees, agents — coupled with increasing regulatory and public oversight exposes organizations to risks due to the use of external parties to assist or wholly perform activities necessary to the operations and strategy of the business.","Poor visibility into third party networks delays the identification of noncompliant engagements.
Unclear risk ownership leaves gaps in due diligence tests.
Infrequent monitoring can leave organizations vulnerable to reputational risks and data breaches/other cyber security risks.",Economic,Group,Reach out to Sia Partners
Supply chain disruptions ,"Major disruption or collapse of a systemically important global supply chain or industry with an impact on the global economy, financial markets or society leading to an abrupt shock to the supply and demand of systemically important goods and services at a global scale. Includes, but is not limited to: energy; technological hardware; medical supplies; and fast","This often results in escalating costs (production, storage, shipping), compliance issues if unable to meet regulatory requirements, missed opportunities, reputational issues and a decrease in customer satisfaction. ",Economic,Mike Dillon,Global Supply Chain Pressure Index
Institutional collapse within the financial sector ,"It is the risk of a major failure of a financial system, whereby a crisis occurs when providers of capital, i.e., depositors, investors, and capital markets, lose trust in the users of capital, i.e., banks, borrowers, leveraged investors, etc. or in a given medium of exchange (US dollar, Japanese yen, gold, etc.).","The collapse of a major financial institution could have a ripple effect on the global financial system, causing a freeze in credit markets and a loss of confidence in financial institutions. Also, this could lead to a sharp decline in lending and a rise in bad debts, which put significant pressure on the banking sector.",Economic,Haime Workie,"Number of financial services temporarily unavailable, Cost of obtaining key financial services increases sharply, Number of economic shocks happening outside the financial system, Number of financial institutions that provide critical functions to the financial markets"
The Great Taking,A fringe theory that clients believe based on a recently published book (The Great Taking) that states individual clients' rights to segregated assets at the DTCC could be usurped by other financial creditors in the event of a financial crisis or insolvency.,"1) The UCC specifies that clients have a “Security Entitlement” to their shares when held in “street name”.  It argues that this entitlement doesn’t carry the same rights as a true security in a bankruptcy and thus can be taken by other creditors with no recourse and that segregation means nothing in this event.
2) The DTC is effectively undercapitalized and that there is a plan to seize the DTC in the event of insolvency which will benefit the big banks over the individual investor.  They reference Lehman assets being seized by JPMorgan.  ",Economic,Sarah Green,Reach out to Sarah
Geopolitical Tensions,Escalation of geopolitical tensions involving two or more countries could disrupt markets and challenge FINRA's effective implementation of strategic initatives,,Geopolitical,Greg Dean,BlackRock Geopolitical Risk Indicator
Anti-regulator policy focus,"Cases before the U.S. Supreme Court will help determine the advance of the conservative push called the ""war on the administrative state"" that aims to weaken federal agencies that regulate key aspects of American life and business.","Actions to weaken agency authority (e.g., “major questions” doctrine, challenges to SEC) could negatively impact FINRA",Geopolitical,Tim Mountz,Monitor # of cases at the Supreme Court
Military Conflict over Taiwan,The risk of a mainland China military conflict with Taiwan and its contagion effects. A conflict over Taiwan would have a significant global impact.,"Global semiconductor market is severely impacted, leading to far fewer semiconductors available for manufacturing.
Retaliatory tariffs between the US and China significantly increase cost of Chinese inputs and goods in US market.
The potential of an escalation of conflict to include the US and mainland China roils global equity markets.",Geopolitical,Group,BlackRock Geopolitical Risk Indicator --- US - China Strategic Competition
Gulf Tensions,"Regional conflict escalates, threatening energy infrastructure and increasing volatility.",The ongoing war is bringing significant volatility to the region and has led to a humanitarian crisis. This is leading to  significant trade disruptions and risking a broader economic impact. .,,Group,BlackRock Geopolitical Risk Indicator --- Gulf Tensions
2024 Presidential Election,"Uncertainties and potential disruptions stemming from shifts in government policies, regulations, economic conditions, market dynamics and social issues that may impact the organization following a change in presidential leadership.","Along with the Presidential election, there are may be implications in the U.S. Senate and U.S. House of Representatives races that may impact the markets and investors. For example, Crypto regulation. ",Geopolitical,Greg Dean,"U.S. Polling  Data, U.S. Presidential Election, U.S. Senate and U.S. House of Representative Races"
Disruptive financial regulation,Volume and complexity of future SEC regulations could disrupt market activity or challenge FINRA’s mission fulfillment,"There are concerns that the rapid pace poses a substantial risk to the health of U.S. capital markets. For example, many of these rulemakings have encountered vigorous opposition from industry, lack supportive economic analysis, and impose substantial compliance costs on issuers. The SEC has also failed to consider the cumulative and overlapping impact of these proposals on market participants, who must simultaneously grapple with a multitude of substantial and often interrelated regulations.",Regulatory,Haime Workie,Track number of SEC regulations
Social media influence on retail traders ,"Role of social media and digital engagement from a positive perspective (engaging new investors) and a negative perspective (facilitating fraud)

Attempts to protect investors and promote market integrity could be misperceived and damage FINRA’s reputation. Investor losses due to poor investment advice by unqualified individuals (e.g., Finfluencers) could harm FINRA’s reputation.","The concerns outweigh the positives. For instance, investors may be being decieved by false registered professionals, scammers manipulating investment practices, and coerced fund transfers all have reputational risk and regulatory oversight challenges. ",Social,Sarah Green,"Growth in fines against ""finfluencers"", growth in scammers or imposters, Number of ombudsman complaints, Increase in financial losses due to scams, Investor confidence"
Deepfakes,Criminals are using deepfakes — AI-generated audio and/or video — to impersonate people for various nefarious reasons.,"As deepfakes grow more sophisticated, a convincing forgery video of a company executive announcing a product defect or scandal could send the company's stock plummeting and ruin the company's reputation.
Criminals could steal from the company by using deepfake audio of an executive to call a senior financial offi  cer and request an urgent money transfer.
The threat posed by deepfakes could force the company to invest in an expensive protection program or slow down global decision-making in order to authenticate that decisions are being made by actual members of the company.",Technology,Mike Dillon,"Number of deepfake videos available online, growth in ""Deepfakes-As-A-Service"", Increase in social engineering attacks"
Artificial Intelligence,"The risk that massively available, generative AI rapidly surpasses organizational ability to understand associated risks and opportunities.","Lack of consideration of GenAI’s impact on organizational culture during adoption, such as employee sentiment, leads to suboptimal outcomes.
The failure of AI adoption projects today as a result of incorrect use cases, lack of talent or unclear vision derailing longer-term plans for more suitable adoption and impacting the growth potential of organizations.
Factual inaccuracies, hallucinations, biases, and potential copyright infringements in LLM* outputs expose organizations to operational failures and/or legal/reputational consequences. 
Concern that the big financial institutions rely on a small number of AI algorithms to make investment decisions — creating a vulnerability that regulators could miss by focusing on only a sliver of the sector.",Technology,Mike Dillon,"Growth in AI adpotion, Number of FINRA-approved AI pilot initiatives"
Fragmented Data Privacy Regulation,"Fragmented data privacy regulations globally and within the US will create uncertainty for businesses as they face a range of distinct compliance requirements.
","The risk of data and privacy compliance burden from competing regulatory intent and diverse regulations (e.g., data localization requirements, different types of third-party tracking requirements) and the ensuing risk to digital capabilities.
Theft or loss of customer or employee personal data can result in significant litigation and regulatory fines.
Increased compliance burden on the organization to continuously monitor changing regulations across geographies and maintain visibility of access points through out its supply chain including third-parties, vendors and suppliers.
Increased costs of training employees through workshops and table top exercises on latest regulations.",Technology,Natalie Meyer,"# of State, Federal and Global Data Protection Rules and Bills"
Quantum Computing,"When the huge resources currently devoted to quantum research lead to large-scale quantum computing, many current digital encryption tools will be rendered obsolete.","Quantum promises new modes of encryption, but by the time companies apply protections, many secrets may already be in the use of criminals, states and competitors.
Companies using quantum may have their work outlawed or co-opted by state actors due to its dangerous implications, as a collapse of encryption technology due to quantum computing would destroy technologies at the root of online authentication.
In response to quantum code-breaking, some companies may revert to low-tech solutions, taking sensitive information offl  ine and relying on in-person exchanges. These techniques decrease effi  ciency but may be necessary from a security perspective.",Technology,Mike Dillon,Reach out to Mike Dillon
Demographic shift in aging registered reps ,"Aging registered reps retiring or leaving the industry and replaced by younger, inexperienced registered reps",Potential risk if firms are unable to replace aging advisors or forced to rely on junior members before fully developed.,Industry,Haime Workie,Reach out to Haimie
Systemic risks building up in the Non-bank financial institutions (NBFIs),"Elevated leverage and aggressive maturity and liquidity transformation at non-bank financial institutions (NBFIs) can be, and have been, a source of financial instability – especially in cases of inadequate risk management or limited regulatory and supervisory scrutiny. Counterparty risk that exists today through the channel of counterparty risk between registered dealers and the unregistered entities acting as dealers transacting with each other.","Potential risk in the prime brokerage, where banks are lending to the non-bank sector, particularly in the secured funding market, called repos, and in the reverse repo market. Three-quarters of that market is done at zero or near-zero margin. Risk would show up in the counterparty risk that exists today between registered dealers and the unregistered entities acting as dealers transacting with each other. This could lead to differences in regulatory treatment (regulatory arbitrage) leading some to take greater risk, that could amass in the non-dealers. A potential failure could cascade through to dealers and create potential systemic risk. 

Covered Clearing Agencies for U.S. Treasury Securities and Application of the Broker-Dealer Customer Protection Rule with Respect to U.S. Treasury Securities

Further Definition of “As a Part of a Regular Business” in the Definition of Dealer and
Government Securities Dealer in Connection with Certain Liquidity Providers",Industry,Haime Workie,Reach out to Jonathan
SEC Market Structure Reforms,"Efforts to address long-standing equity market structure issues and improve how secruities are traded could impact the markets, investors and FINRA. ","Regulation Best Execution
Order Competition Rule
Minimum Pricing Increments
Disclosure of Order Execution Information",Regulatory,Alex Ellenberg,"Monitor status of SEC Market Structure Reforms, Challenges for Broker-Dealers to implement"