EMERGING_RISK_ID,ALERT_NAME,TITLE,SUMMARY,KEYWORDS,PUBLISHED_DATE,LINK,SOURCE,SOURCE_URL,SENTIMENT,POLARITY
24,Investor Fraud AI,Costa Mesa man behind fraud scheme sentenced to 15 years - Los Angeles Times,"A Costa Mesa man was sentenced Monday to 15 years and one month behind bars for helping operate what investigators describe as a fraudulent investment scheme that raised $13.8 million by promising investors returns of up to 10% through real estate.
AdvertisementThe Securities and Exchange Commission launched a civil case in 2021 naming Barber, Zimmerle and their company as defendants.
Barber and Zimmerle told investors that their company was in the business of real estate and other investments.
Between June 2019 and February 2020, they raised $6.9 million from investors but only invested $2.7 million and generated less than $5,000 in profits.
Barber and Zimmerle admitted using investor funds to pay returns in addition to paying themselves and those involved with the scheme.","['costa', '15', 'raised', 'fraud', 'investments', 'man', 'sentenced', 'court', 'mesa', 'zimmerle', 'barber', 'returns', 'company', 'scheme', 'investors', 'according', 'million']",2024-12-10,https://www.latimes.com/socal/daily-pilot/news/story/2024-12-10/costa-mesa-man-behind-fraud-scheme-sentenced-to-15-years,Los Angeles Times,https://www.latimes.com,positive,+0.09
15,Quantum Computing,Quantum computing stock rockets higher by 40% after Google breakthrough. Hedge fund manager is long - CNBC,"Shares of little-known Rigetti Computing surged Tuesday as excitement around quantum computing bubbled following a major announcement from Google.
Rigetti surged more than 40% higher for its second-biggest day on record.
Google on late Monday said its new chip, called Willow, signals a breakthrough in quantum computing.
However, hedge fund manager Eric Jackson sees big gains ahead for the quantum computing space.
""Quantum Computing is the next theme taking off after Crypto and AI.","['google', 'manager', 'hedge', 'jackson', 'long', 'rigetti', 'surged', 'quantum', 'market', 'rgti', 'willow', 'rockets', 'higher', 'computing', 'shares', 'fund', 'stock']",2024-12-10,https://www.cnbc.com/2024/12/10/quantum-computing-stock-rockets-higher-by-48percent-after-google-breakthrough-hedge-fund-manager-is-long.html,CNBC,https://www.cnbc.com,positive,+0.099
15,Quantum Computing,Google claims quantum computing milestone — but the tech can't solve real-world problems yet - CNBC,"Proponents of quantum computing claim it will be able to solve problems that current computers can't.
Quantum computing uses quantum bits or qubits which can be zero, one or something in between.
Google Quantum AI's Hartmut Neven (L) and Anthony Megrant (R) examine a cryostat refrigerator for cooling quantum computing chips at Google's Quantum AI lab in Santa Barbara, California, U.S. November 25, 2024.
But despite optimism that quantum computing could one day change the world — or at least computers' role in it — experts in the field have suggested that Google's quantum computing breakthrough is still lacking in real-world uses.
""They are trying to define a really high problem for normal computers that they can solve with quantum computers.","['computers', 'google', 'solve', 'claims', 'cant', 'qubits', 'quantum', 'chip', 'milestone', 'problems', 'googles', 'willow', 'computing', 'tech', 'errors', 'realworld']",2024-12-10,https://www.cnbc.com/2024/12/10/google-claims-quantum-milestone-but-cant-solve-real-world-problems-.html,CNBC,https://www.cnbc.com,negative,-0.074
15,Quantum Computing,"Nvidia, Rigetti, Quantum Machines Deliver AI-Powered Quantum Computing - Forbes","Quantum technology will have “a wide impact across all industry sectors” but all major approaches to quantum computing still face many challenges, say GQI analysts.
With their AI-powered tools, Quantum Elements and Qruise, remotely automated the calibration of a 9-qubit Rigetti quantum processing unit (QPU) integrated with Quantum Machines’ advanced control system and Nvidia DGX Quantum.
A unified system for quantum-classical computing that Nvidia built with Quantum Machines, it is hosted at the Israeli Quantum Computing Center (IQCC).
Similarly, the quantum computing sector in Israel has seen significant growth according to a recent report from Startup Nation Central.
“Quantum computing has the potential to solve complex problems exponentially faster than existing computers,” says the U.S. Senate press release.","['calibration', 'funding', 'aipowered', 'nvidia', 'rigetti', 'machines', 'quantum', 'sector', 'deliver', 'technology', 'computing', 'simulations', 'system']",2024-12-10,https://www.forbes.com/sites/gilpress/2024/12/10/nvidia-rigetti-quantum-machines-deliver-ai-powered-quantum-computing/,Forbes,https://www.forbes.com,positive,+0.117
15,Quantum Computing,Google says it has cracked a quantum computing challenge with new chip - Reuters,,[],2024-12-10,https://www.reuters.com/technology/google-says-it-has-cracked-quantum-computing-challenge-with-new-chip-2024-12-09/,Reuters,https://www.reuters.com,neutral,0.0
9,Anti-regulator policy focus,"China targets Nvidia with antitrust probe, escalates US chip tensions - Reuters",,[],2024-12-10,https://www.reuters.com/technology/china-investigates-nvidia-over-suspected-violation-antimonopoly-law-2024-12-09/,Reuters,https://www.reuters.com,neutral,0.0
15,Quantum Computing,Google parent Alphabet jumps on quantum chip breakthrough - Reuters,,[],2024-12-10,https://www.reuters.com/technology/google-parent-alphabet-jumps-quantum-chip-breakthrough-2024-12-10/,Reuters,https://www.reuters.com,neutral,0.0
9,Anti-regulator policy focus,EU’s new competition chief signals reform of anti-trust and state aid rules - The Guardian,"The EU’s new competition chief has signalled a shake-up of anti-trust rules to make it easier for innovative companies to merge, as well as a relaxation of state aid policy to spur the green transition.
The Spanish socialist is also in charge of competition, giving her an unusually wide remit and signalling that Brussels sees changes to state aid rules as critical to shifting Europe’s economy away from fossil fuels.
Changes to EU competition rules, which govern mergers and limit state subsidies, are widely expected.
Concerns have since grown that EU competition rules are hindering innovation and the green transition.
after newsletter promotionIn her speech on Tuesday, Ribera promised the commission would revise its state aid rules as part of the “clean industrial deal” it is expected to publish by early March 2025.","['competition', 'european', 'antitrust', 'reform', 'innovation', 'signals', 'eu', 'merger', 'companies', 'chief', 'policy', 'state', 'aid', 'eus', 'rules']",2024-12-10,https://www.theguardian.com/world/2024/dec/10/eus-new-competition-chief-signals-reform-of-anti-trust-and-state-aid-rules,The Guardian,https://www.theguardian.com,positive,+0.128
7,2024 Presidential Election,Ghana electoral commission declares ex-President Mahama election winner - Reuters,,[],2024-12-10,https://www.reuters.com/world/africa/ghanas-ex-president-mahama-wins-presidential-election-with-5655-vote-electoral-2024-12-09/,Reuters,https://www.reuters.com,neutral,0.0
15,Quantum Computing,Google unveils 'mind-boggling' quantum computing chip - BBC.com,"Google says its new quantum chip, dubbed ""Willow"", incorporates key ""breakthroughs"" and ""paves the way to a useful, large-scale quantum computer.""
It's hoped quantum computers might eventually be able to use that ability to vastly speed up complex processes, such as creating new medicines.
In February Apple announced that the encryption that protects iMessage chats is being made ""quantum proof"" to stop them being read by powerful future quantum computers.
Errors are a significant obstacle in creating more powerful quantum computers and the development was ""encouraging for everyone striving to build a practical quantum computer"" Prof Woodward said.
Google Google staff work on the cryostat that holds the chip and keeps it very cold","['computers', 'google', 'told', 'bbc', 'work', 'quantum', 'computer', 'mindboggling', 'willow', 'powerful', 'computing', 'unveils', 'chip']",2024-12-10,https://www.bbc.com/news/articles/c791ng0zvl3o,BBC.com,https://www.bbc.com,positive,+0.191
11,Social media influence on retail traders,"MPs should quiz ‘finfluencers’, says Treasury select committee chair - Financial Times","Try unlimited access Only $1 for 4 weeksThen $75 per month.
Complete digital access to quality FT journalism on any device.
Cancel anytime during your trial.","['try', 'weeksthen', 'finfluencers', 'ft', 'digital', 'treasury', 'chair', 'committee', 'trial', 'journalism', 'month', 'quiz', 'select', 'unlimited', 'mps', 'quality', 'access']",2024-12-10,https://www.ft.com/content/0bd12d95-c375-46eb-a2cb-3956b77ea8bd,Financial Times,https://www.ft.com,negative,-0.074
10,Conflict with China,Ukraine war briefing: Trump urges China to help end Ukraine war - The Guardian,"Donald Trump has called for an immediate ceasefire in Ukraine, a day after meeting the Ukrainian president, Volodymyr Zelenskyy, in Paris, claiming Kyiv “would like to make a deal” to end its war with Russia.
Too many lives are being needlessly wasted, too many families destroyed,” Trump said on Sunday in an online post.
Zelenskyy described his discussions with Trump, brought together by French President Emmanuel Macron, as “constructive” but gave no further details.
Russia brought war to our land,” he said Sunday in a post on the Telegram messaging app.
Trump has suggested that Assad’s ousting could advance the prospects for an end to fighting in Ukraine.","['trump', 'ukraine', 'china', 'russia', 'peace', 'talk', 'president', 'urges', 'briefing', 'zelenskyy', 'ceasefire', 'help', 'end', 'war']",2024-12-10,https://www.theguardian.com/world/2024/dec/09/ukraine-war-briefing-trump-urges-china-to-help-end-ukraine-war,The Guardian,https://www.theguardian.com,negative,-0.131
10,Conflict with China,China Is Cutting Off Drone Supplies Critical to Ukraine War Effort - Bloomberg,"China’s escalating conflict with the US over trade is now extending to the drones that have become a vital part of Ukraine’s defense.
Manufacturers in China recently began limiting sales to the US and Europe of key components used to build unmanned aerial vehicles, according to multiple people with knowledge of the developments, who asked not to be identified discussing sensitive information.","['vehicles', 'ukraine', 'china', 'ukraines', 'cutting', 'multiple', 'unmanned', 'effort', 'trade', 'sales', 'recently', 'supplies', 'critical', 'used', 'sensitive', 'war', 'drone', 'vital']",2024-12-09,https://www.bloomberg.com/news/articles/2024-12-09/china-is-cutting-off-drone-supplies-critical-to-ukraine-war-effort,Bloomberg,https://www.bloomberg.com,positive,+0.057
10,Conflict with China,"China-US Trade Conflict Escalates With Drone Part Curbs, Nvidia Probe - Bloomberg","US-China trade tensions are spilling into the war in Ukraine.
The next Grand Theft Auto game may be the biggest of the year...and decade.
And a spike in female fortunes will transform investing and philanthropy around the world.
China’s escalating trade conflict with Washington is extending to drones as the country cuts off key supplies to the US and Europe that have been vital to Ukraine’s defense.
Chinese manufacturers recently began limiting sales of key components used to build unmanned aerial vehicles, according to people familiar.","['vehicles', 'escalates', 'conflict', 'nvidia', 'vital', 'washington', 'trade', 'sales', 'yearand', 'world', 'probe', 'chinaus', 'used', 'key', 'war', 'drone', 'curbs']",2024-12-09,https://www.bloomberg.com/news/newsletters/2024-12-09/china-us-trade-conflict-escalates-with-drone-part-curbs-nvidia-probe,Bloomberg,https://www.bloomberg.com,negative,-0.115
1,Macroeconomic Downturn,America’s economy ‘risks massive Trump slump’ - The Telegraph,"It would also represent a significant challenge to Mr Trump who ran much of his campaign on a promise to boost the economy and tackle the cost of living crisis that many citizens blamed on President Joe Biden.
A recession in the world’s largest economy would send shockwaves across the globe, with China, Mexico, Canada and Germany all likely to struggle given their deep economic links to the US.
Mr Trump campaigned on a promise to impose steep tariffs on imports, including of up to 60pc on China, to tighten the US’s borders and cut taxes while slashing government spending.
Mr Mortimer-Lee said Mr Trump’s immigration policies would be the most damaging, given the important role this group plays in the US economy.
Mr Mortimer-Lee also warned that tariffs would also stoke inflation.","['promise', 'trump', 'massive', 'mortimerlee', 'likely', 'tariffs', 'economy', 'send', 'risks', 'workers', 'slump', 'mr', 'americas', 'stoke', 'inflation']",2024-12-09,https://www.telegraph.co.uk/business/2024/12/09/donald-trump-policies-tip-us-into-recession/,The Telegraph,https://www.telegraph.co.uk,negative,-0.157
15,Quantum Computing,Google unveils ‘mindboggling’ quantum computing chip - The Guardian,"Google has built a computing chip that takes just five minutes to complete tasks that would take 10,000,000,000,000,000,000,000,000 years for some of the world’s fastest conventional computers to complete.
That’s 10 septillion years, a number that far exceeds the age of our known universe and has the scientists behind the latest quantum computing breakthrough reaching for a distinctly non-technical term: “mindboggling”.
Google Quantum AI is one of numerous groups wrestling with how to harness the computing power of quantum mechanics including Microsoft, Harvard University and Quantinuum, a firm with UK links.
We use Google reCaptcha to protect our website and the Google Privacy Policy and Terms of Service apply.
What it really does is show that quantum computing technology is rapidly moving forward.","['computers', 'google', 'privacy', 'really', 'results', 'far', 'quantum', 'power', 'mindboggling', 'technology', 'computing', 'unveils', 'chip']",2024-12-09,https://www.theguardian.com/technology/2024/dec/09/google-unveils-mindboggling-quantum-computing-chip,The Guardian,https://www.theguardian.com,positive,+0.045
9,Anti-regulator policy focus,China Probes Nvidia Stock For Antitrust Violations - Forbes,"Nvidia stock Getty ImagesNvidia, the U.S.-based semiconductor powerhouse, is under scrutiny by Chinese regulators for suspected violations of the country's anti-monopoly laws, according to China Central Television.
According to the SAMR, China had approved the deal on the condition that the company share information about new products with its competitors at least 90 days before making them available to Nvidia.
Following news of the investigation, Nvidia's stock fell by approximately 2%.
The drop reflects investor concerns over the probe's potential impact on its operations and revenue in China.
China's antitrust investigation into Nvidia may be part of a broader strategy to reinforce competition within its domestic markets and reduce reliance on foreign technology.","['technologies', 'samr', 'china', 'nvidias', 'antitrust', 'making', 'nvidia', 'chinas', 'investigation', 'violations', 'probe', 'information', 'stock', 'probes']",2024-12-09,https://www.forbes.com/sites/danrunkevicius/2024/12/09/china-probes--nvidia-stock-for-antitrust-violations/,Forbes,https://www.forbes.com,negative,-0.061
4,Commercial Real Estate,"Where to Invest in Real Estate Right Now: Housing, REITs, Commercial - Bloomberg","Eventually, downtown office leasing rates will be so attractive compared to what they were in the past, and compared to other markets.
For commercial investors, the same applies, but even more so, for downtown office properties.
The strategy: Review the many purchase options in downtown San Francisco.
The Trump factor: Foreign immigration and investment — especially from China and India — has been a huge dynamic in the San Francisco Bay Area market for a long time, especially during tech booms.
The Bay Area has long been a magnet for the best and brightest around the world, and that has been a major factor in home price appreciation.","['right', 'downtown', 'real', 'area', 'markets', 'invest', 'office', 'francisco', 'market', 'past', 'estate', 'state', 'san', 'bay']",2024-12-09,https://www.bloomberg.com/features/2024-how-to-invest-real-estate-Q4/,Bloomberg,https://www.bloomberg.com,positive,+0.193
15,Quantum Computing,Google Makes New Quantum Computing Breakthrough - The New York Times,,[],2024-12-09,https://www.nytimes.com/2024/12/09/technology/google-quantum-computing.html,The New York Times,https://www.nytimes.com,neutral,0.0
3,Asset Bubble Burst,Rare whisky prices tumble as bubble bursts - The Telegraph,"Whisky aficionados will find it easier to justify splashing out on a bottle of rare Scotch this Christmas after prices for the finest single malts almost halved.
The price slump indicated that the whisky bubble had finally burst, Noble said.
Investors were drawn towards rare single malts after the 2008 financial crisis ushered in years of low interest rates that encouraged them to seek out higher returns from alternative assets, including high-end drinks.
However, a weakening global economy after a period of higher rates and surging inflation has since stifled demand.
Higher retail prices for Scotch and bourbon have also made it more difficult to turn an instant profit than in recent years.","['rates', 'bursts', 'bubble', 'scotch', 'malts', 'financial', 'rare', 'higher', 'tumble', 'whisky', 'single', 'prices', 'noble']",2024-12-09,https://www.telegraph.co.uk/business/2024/12/09/rare-whisky-prices-tumble-bubble-bursts/,The Telegraph,https://www.telegraph.co.uk,positive,+0.12
6,Geopolitical Tensions,News updates from December 9: Chinese stocks rise after Beijing embraces looser monetary policy stance; Omnicom to buy Interpublic in $13bn deal - Financial Times,"Try unlimited access Only $1 for 4 weeksThen $75 per month.
Complete digital access to quality FT journalism on any device.
Cancel anytime during your trial.","['interpublic', 'rise', 'month', 'stocks', 'looser', 'weeksthen', 'monetary', 'unlimited', 'omnicom', 'quality', 'updates', 'ft', 'journalism', 'trial', 'access', 'try', 'digital', 'stance', 'embraces', 'policy']",2024-12-09,https://www.ft.com/content/c114583d-730a-434f-8adb-65afad0d240e,Financial Times,https://www.ft.com,negative,-0.074
6,Geopolitical Tensions,"Business conditions tougher, Chinese firms in EU say, amid global tensions - Reuters",,[],2024-12-09,https://www.reuters.com/business/business-conditions-tougher-chinese-firms-eu-say-amid-global-tensions-2024-12-09/,Reuters,https://www.reuters.com,neutral,0.0
10,Conflict with China,US missiles would run out within days in war with China - The Telegraph,"The US would run out of missiles within days if war breaks out with China, a House committee has found.
American supplies of long-range anti-ship missiles will run dry within three to seven days if China invades Taiwan, according to a wargame simulation conducted by the House select committee on China.
Within a month, the US would run out of long-range cruise missiles.
“What we learned is that in a protracted war, our defence industrial base does not have the resources it needs to win that war,” John Moolenaar, the China committee’s chairman, said, according to The Washington Free Beacon.
The US possesses just 440 long-range missiles, which would run out within a week if war were to break out.","['china', 'military', 'longrange', 'run', 'defence', 'days', 'industrial', 'base', 'war', 'missiles', 'win']",2024-12-09,https://www.telegraph.co.uk/us/news/2024/12/09/us-missiles-run-out-within-days-war-china/,The Telegraph,https://www.telegraph.co.uk,negative,-0.087
6,Geopolitical Tensions,"Oil rises over 1% on ouster of Syria's Assad, Chinese monetary policy - Reuters",,[],2024-12-09,https://www.reuters.com/business/energy/oil-prices-mixed-rising-mideast-tensions-offset-demand-concerns-2024-12-08/,Reuters,https://www.reuters.com,neutral,0.0
15,Quantum Computing,Scientific breakthrough gives new hope to building quantum computers - Financial Times,"Try unlimited access Only $1 for 4 weeksThen $75 per month.
Complete digital access to quality FT journalism on any device.
Cancel anytime during your trial.","['building', 'computers', 'try', 'scientific', 'weeksthen', 'breakthrough', 'ft', 'digital', 'gives', 'quantum', 'journalism', 'unlimited', 'month', 'hope', 'trial', 'quality', 'access']",2024-12-09,https://www.ft.com/content/f1d26918-67c5-4b11-b47b-4904606a002f,Financial Times,https://www.ft.com,negative,-0.074
15,Quantum Computing,Google Unveils New Quantum Computer With Mind-Boggling Speed - Bloomberg,"Alphabet Inc.’s quantum computer needs just five minutes to solve a problem that would take supercomputers around 10 septillion years.
Google’s next task: coming up with an actual use for all that theoretical power.
Google said its computer using the new Willow quantum chip beat the Frontier supercomputer in running a benchmark algorithm, doing in minutes what would take Frontier 10,000,000,000,000,000,000,000,000 years — far longer than the age of the universe.
That’s exponentially faster than Google’s stated performance five years ago, when it said it could solve a 10,000-year task in minutes.","['google', 'minutes', 'solve', 'frontier', 'using', 'speed', 'universe', 'quantum', 'googles', 'mindboggling', 'task', 'willow', 'computer', 'unveils']",2024-12-09,https://www.bloomberg.com/news/articles/2024-12-09/google-unveils-new-quantum-computer-with-mind-boggling-speed,Bloomberg,https://www.bloomberg.com,positive,+0.038
7,2024 Presidential Election,Former Ghana leader pulls off historic comeback after crucial presidential election - CNN,"CNN —Ghana’s Vice President Mahamudu Bawumia has conceded defeat a day after a tense presidential election, marking a historic political comeback for the opposition candidate, former leader John Mahama.
Bawumia said in his concession speech on Sunday morning that internally collated results showed that “Mahama has won the presidential election decisively,” ahead of a formal announcement by the electoral commission.
Bawumia said the opposition National Democratic Congress (NDC) party had also won the parliamentary election.
Bawumia, 61, a UK-trained economist who chaired the nation’s economic management team, faced criticism ahead of the elections over his handling of the struggling economy.
On the campaign trail, Mahama also criticized him for saying little about the economy.","['pulls', 'mahama', 'ghana', 'victory', 'opposition', 'historic', 'crucial', 'bawumia', 'economy', 'leader', 'john', 'election', 'won', 'presidential', 'comeback']",2024-12-08,https://www.cnn.com/2024/12/08/africa/john-mahama-reelection-ghana-intl/index.html,CNN,https://www.cnn.com,negative,-0.105
7,2024 Presidential Election,Ghana election results: Victorious John Mahama promises new beginning - BBC.com,"Victorious John Mahama promises new beginning for GhanaAFP Supporters of John Mahama have taken to the streets across the country to celebrate his victoryGhana's opposition candidate and former President John Mahama has promised ""a new beginning, a new direction"" for the country after being officially declared the winner of Saturday's presidential election.
Mahama won with 56.6% against 41.6% for Vice-President Mahamudu Bawumia.
Mahama said he felt ""humbled"" that he and his National Democratic Congress (NDC) had ""chalked one of the best results in the electoral history of Ghana"".
With many Ghanaians desperate for a change, Mahama won several regions - including Bono, Ahafo, Western, and Central - which the governing New Patriotic Party (NPP) had won in 2020.
Ghana election: Jubilant Mahama supporters celebrate elections resultsGetty Images/BBC","['beginning', 'promises', 'mahama', 'victorious', 'ghana', 'country', 'victory', 'results', 'supporters', 'president', 'john', 'vicepresident', 'election', 'won']",2024-12-08,https://www.bbc.com/news/articles/cqjzv9k8zjjo,BBC.com,https://www.bbc.com,positive,+0.277
7,2024 Presidential Election,2024 Arizona Election Results: Live Vote Counts and Map - Bloomberg,"Connecting decision makers to a dynamic network of information, people and ideas, Bloomberg quickly and accurately delivers business and financial information, news and insight around the worldConnecting decision makers to a dynamic network of information, people and ideas, Bloomberg quickly and accurately delivers business and financial information, news and insight around the worldUS Election 2024 Arizona Election Results November 5, 2024Arizona voters will cast ballots in races for president, US Senate and the state’s nine US House seats.
The Presidential race is a “Toss Up,” according to ratings from the Cook Political Report.
Median household incomes are based on inflation-adjusted data from January to December 2023; educational attainment shares are for the population 25 years and over, both based on the 2023 Census ACS 1-year estimates.
Regional price parity for housing is calculated by the Bureau of Economic Analysis and represents how much more (above 100) or less (less than 100) expensive housing rent expenditures are in a state compared to the national average in 2022, the latest available year.
The three largest occupations per state are based on the Bureau of Labor Statistics release of Occupational Employment and Wage Statistics in 2023, the latest available data.","['candidate', 'map', 'arizona', 'yes', 'district', 'results', 'incumbent', '2024', 'pct', 'live', 'election', 'democratic', 'vote', 'votes', 'state', 'counts', 'republican']",2024-12-08,https://www.bloomberg.com/graphics/2024-us-election-results/arizona/,Bloomberg,https://www.bloomberg.com,positive,+0.037
6,Geopolitical Tensions,"From Apple to Starbucks, Western firms’ China dreams are dying - The Economist","The World Ahead By Invitation: Peacemaking in 2025Global conflict is rising, but peacemaking is still vital, argues the president of International Crisis Group","['firms', 'invitation', 'starbucks', 'china', 'conflict', 'dying', 'crisis', 'president', 'western', 'peacemaking', 'dreams', 'international', 'apple', 'rising', 'world', 'group', 'vital']",2024-12-08,https://www.economist.com/business/2024/12/08/from-apple-to-starbucks-western-firms-china-dreams-are-dying,The Economist,https://www.economist.com,negative,-0.298
6,Geopolitical Tensions,Asian Markets Cautious Amid Geopolitical Tensions: Markets Wrap - Bloomberg,"Stocks retreated after a rally that put the market on pace for its best year since 2019, with traders awaiting key inflation data that will help shape the outlook for Federal Reserve rates.
The S&P 500 dropped from nearly overbought technical levels, following a series of all-time highs.
Nvidia Corp. slid as China opened a probe over suspicions the giant US chipmaker broke anti-monopoly laws around a 2020 deal.
Meantime, Chinese stocks that are listed in the US staged a sharp rally as top leaders in Beijing used their most direct language yet on providing monetary easing and boosting domestic consumption.","['suspicions', 'updates', 'technical', 'rally', 'dow', 'staged', 'live', 'sp', 'market', 'today', 'used', 'traders', 'slid', 'sharp', 'stock', 'stocks']",2024-12-08,https://www.bloomberg.com/news/articles/2024-12-08/asian-markets-cautious-amid-geopolitical-tensions-markets-wrap,Bloomberg,https://www.bloomberg.com,positive,+0.117
7,2024 Presidential Election,Ghana election: Who are the candidates and what's at stake? - BBC.com,"On polling day, two elections will be taking place simultaneously: Presidential - there are 12 candidates- there are 12 candidates Parliamentary - voters in 275 constituencies across the country will be choosing their MP.
AFP The last election in 2020 took place under covid restrictionsTo win the presidential election in the first round, a candidate must get more than half of the votes cast.
If no-one passes that threshold then a second round run-off featuring the two candidates with the largest number of votes will take place by the end of December.
In 2008, less than half a percentage point separated the two candidates in the second round.
In the election four years later, the winner, Mahama, crept over the 50% threshold in the first round by less than 80,000 votes.","['second', 'ghana', 'npp', 'stake', 'whats', 'mahama', 'president', 'candidates', 'round', 'election', 'votes', 'presidential']",2024-12-08,https://www.bbc.com/news/articles/czd545m0qjqo,BBC.com,https://www.bbc.com,positive,+0.065
9,Anti-regulator policy focus,How billionaire Charles Koch’s network won a 40-year war to curb regulation - The Washington Post,"The 2019 Seafood Expo North America in Boston featured an oyster-shucking contest, whole squid on ice and some surprising attendees: attorneys from the powerful political network of Charles Koch, a billionaire who has spent decades and millions fighting government regulation.
They weren’t there for the seafood samples.
They were fishing for fishermen, seeking stories of boat captains upset by federal regulations that would soon require herring fishermen to pay for onboard government monitors.","['seeking', 'spent', 'surprising', 'won', 'fishermen', 'squid', 'billionaire', '40year', 'kochs', 'samples', 'seafood', 'regulation', 'werent', 'soon', 'war', 'network', 'curb', 'charles', 'upset']",2024-12-08,https://www.washingtonpost.com/politics/2024/12/08/supreme-court-koch-chevron-ruling-administrative-state/,The Washington Post,https://www.washingtonpost.com,negative,-0.082
7,2024 Presidential Election,"Romanian far-right candidate says democracy ""cancelled"" along with election - Reuters",,[],2024-12-08,https://www.reuters.com/world/europe/romanian-far-right-candidate-says-democracy-cancelled-along-with-election-2024-12-08/,Reuters,https://www.reuters.com,neutral,0.0
13,Artificial Intelligence,"US clears export of advanced AI chips to UAE under Microsoft deal, Axios says - Reuters",,[],2024-12-08,https://www.reuters.com/technology/artificial-intelligence/advanced-ai-chips-cleared-export-uae-under-microsoft-deal-axios-reports-2024-12-07/,Reuters,https://www.reuters.com,neutral,0.0
7,2024 Presidential Election,John Dramani Mahama Is Set to Return as Ghana’s President - The New York Times,,[],2024-12-08,https://www.nytimes.com/2024/12/08/world/africa/ghana-presidential-election.html,The New York Times,https://www.nytimes.com,neutral,0.0
7,2024 Presidential Election,Ghana election results: John Mahama wins as Mahamudu Bawumia accepts defeat - BBC.com,"Opposition wins Ghana presidential election, vice-president saysWATCH: Jubilant Mahama supporters celebrate election resultsDespite Bawumia's concession, no official results have been declared.
Ghana's Vice-President Mahamudu Bawumia has accepted defeat in Saturday's election and congratulated the opposition candidate , former President John Mahama, on his victory.
He said these showed Mahama had won ""decisively"", while the opposition National Democratic Congress (NDC) had also won the parliamentary election.
The NDC earlier said that its internal results showed Mahama had won 56% of the vote against 41% for Bawumia.
Mahama, 65, previously led Ghana from 2012 until 2017, when he was replaced by Akufo-Addo.","['official', 'accepts', 'mahama', 'ghana', 'supporters', 'opposition', 'results', 'bawumia', 'ndc', 'john', 'wins', 'vicepresident', 'election', 'defeat', 'won', 'mahamudu']",2024-12-08,https://www.bbc.com/news/articles/cdx9nlyjke4o,BBC.com,https://www.bbc.com,positive,+0.224
7,2024 Presidential Election,Ghana's former president wins election - Reuters,,[],2024-12-08,https://www.reuters.com/world/africa/ghanas-former-president-mahama-wins-election-2024-12-08/,Reuters,https://www.reuters.com,neutral,0.0
7,2024 Presidential Election,Romania’s top court annuls presidential election result - CNN,"CNN —Romania’s constitutional court has annulled the first round of the country’s 2024 presidential election process, which was narrowly won by far-right ultranationalist candidate Calin Georgescu amid allegations of Russian interference.
Friday’s decision caps off a troubled election cycle in the country, with the same court last week ordering a recount of the first-round votes.
Meanwhile, the center-right Lasconi, of the Save Romania Union (USR) party, ran a campaign pledging to keep Romania on its pro-Western course.
A Jandarmeria member closes a gate to the Palace of Parliament, after the Romanian top court annulled the result of the first round of the presidential election, in Bucharest on Friday.
Another protester, a student named Daniel, pointed to “a lot of fraud, suspected fraud at the voting stations” in the first-round vote.","['state', 'romania', 'court', 'annuls', 'decision', 'round', 'election', 'romanias', 'campaign', 'presidential', 'romanian', 'georgescu', 'result']",2024-12-07,https://www.cnn.com/2024/12/06/europe/romania-annuls-presidential-election-intl/index.html,CNN,https://www.cnn.com,negative,-0.086
7,2024 Presidential Election,Ghana counts votes amid hopes for better times - Reuters,,[],2024-12-07,https://www.reuters.com/world/africa/ghana-holds-election-amid-hopes-better-economic-times-2024-12-07/,Reuters,https://www.reuters.com,neutral,0.0
7,2024 Presidential Election,Ghana election results: Vote counting begins as new president awaits - BBC.com,"Elsewhere election day has been peacefully conducted, with some Ghanaians queuing before dawn to make sure they cast their ballots.
Polling centres officially closed at 17:00 GMT, and election results are expected to be announced on Tuesday.
But he could be replaced with a familiar face, if former President John Mahama succeeds in his comeback attempt for the NDC party.
Voting for the first time, 18-year-old Serwaa Yeboah Joshebeth told the BBC ""it is important for you to vote to choose the best for your country"".
While Mahama told supporters ""it is a choice between the Ghana we have today and the Ghana we want together.","['counting', 'candidate', 'ghana', 'polling', 'told', 'results', 'bbc', 'president', 'election', 'vote', 'yeboah', 'begins', 'awaits', 'party']",2024-12-07,https://www.bbc.com/news/articles/cvgmmr1p7nxo,BBC.com,https://www.bbc.com,positive,+0.203
3,Asset Bubble Burst,Rare whisky ‘bubble’ bursts as sales tumble - Financial Times,"Try unlimited access Only $1 for 4 weeksThen $75 per month.
Complete digital access to quality FT journalism on any device.
Cancel anytime during your trial.","['try', 'bursts', 'weeksthen', 'ft', 'digital', 'rare', 'sales', 'tumble', 'whisky', 'journalism', 'month', 'bubble', 'unlimited', 'trial', 'quality', 'access']",2024-12-07,https://www.ft.com/content/76f724a4-bad6-4462-8b29-69c0632b0a8a,Financial Times,https://www.ft.com,negative,-0.074
10,Conflict with China,"US-China Tech War Fuels Asia Boomtowns Built on AI, Chips - Bloomberg","Caravans of sand-filled trucks and bright red cranes punctuate the skyline of a rapidly expanding industrial complex in northern Vietnam.
Further south in Malaysia, quiet villages and palm oil plantations are metamorphosing into heavy-duty technological manufacturing estates.
As multinationals, governments and startups rush to develop AI, establish chipmaking hubs and carve out access to raw computing power, the fallout from escalating Beijing-Washington tensions is seeding the tech nerve centers of the future in Southeast Asia and transforming the towns that surround them.","['uschina', 'vietnam', 'trucks', 'towns', 'asia', 'ai', 'built', 'surround', 'fuels', 'technological', 'startups', 'boomtowns', 'transforming', 'chips', 'tensions', 'tech', 'war', 'villages']",2024-12-06,https://www.bloomberg.com/news/features/2024-12-06/us-china-tech-war-helps-ai-fueled-growth-in-malaysia-vietnam,Bloomberg,https://www.bloomberg.com,positive,+0.034
9,Anti-regulator policy focus,"NYC: A regulation wonderland, a small business nightmare - The Hill",,[],2024-12-06,https://thehill.com/opinion/finance/439744-nyc-a-regulation-wonderland-a-small-business-nightmare/,The Hill,https://thehill.com,neutral,0.0
7,2024 Presidential Election,Louisiana election results 2024 live updates - The Washington Post,Go to... Go to...,"['updates', 'louisiana', 'results', '2024', 'live', 'election']",2024-12-06,https://www.washingtonpost.com/elections/results/2024/11/05/louisiana/,The Washington Post,https://www.washingtonpost.com,neutral,1.0
10,Conflict with China,"Ahead of expected war games, Taiwan urges China to 'unclench its fists' - Reuters",,[],2024-12-06,https://www.reuters.com/world/asia-pacific/ahead-expected-war-games-taiwan-urges-china-unclench-its-fists-2024-12-06/,Reuters,https://www.reuters.com,neutral,0.0
7,2024 Presidential Election,Romania’s Top Court Orders Rerun of Presidential Election - Bloomberg,"Romania’s top court threw the country into renewed political turmoil after it ordered a repeat of a presidential election over allegations of Russian meddling, the first such ruling in the nation’s history.
The Constitutional Court in Bucharest annulled last month’s first-round vote, which saw far-right independent Calin Georgescu pull off a shock victory, and scrapped a runoff scheduled for Sunday.
The presidential election must be held again in its entirety, the court said.","['victory', 'scheduled', 'scrapped', 'orders', 'shock', 'court', 'turmoil', 'election', 'vote', 'rerun', 'presidential', 'romanian', 'threw']",2024-12-06,https://www.bloomberg.com/news/articles/2024-12-06/romanian-top-court-orders-rerun-of-presidential-election,Bloomberg,https://www.bloomberg.com,negative,-0.066
7,2024 Presidential Election,Trump vs Harris: live results map of the US presidential election - Financial Times,"Each state has a number of electors equal to the number of senators and representatives it has in Congress.
(Washington DC is treated like the smallest states, with three electoral votes.)
All but two states award all of their electors to the candidate who receives the most votes, regardless of how narrow the victory.
Maine and Nebraska allocate two electoral votes to the statewide winner and one to the winner in each of their congressional districts.
Alaska and Maine require candidates to win an outright majority through ranked-choice voting.","['number', 'trump', 'map', 'harris', 'electoral', 'vs', 'results', 'maine', 'work', 'live', 'election', 'winner', 'votes', 'state', 'presidential', 'states', 'electors', 'win']",2024-12-06,https://ig.ft.com/us-elections/2024/results/president/,Financial Times,https://ig.ft.com,positive,+0.229
7,2024 Presidential Election,Romanian top court annuls presidential election result - Reuters,,[],2024-12-06,https://www.reuters.com/world/europe/thousands-attend-pro-european-rally-romania-ahead-presidential-run-off-vote-2024-12-06/,Reuters,https://www.reuters.com,neutral,0.0
2,Institutional collapse within the financial sector,Column: France's political woes may trigger fresh Europe energy crisis - Reuters,,[],2024-12-06,https://www.reuters.com/business/energy/frances-political-woes-may-trigger-fresh-europe-energy-crisis-maguire-2024-12-05/,Reuters,https://www.reuters.com,neutral,0.0
2,Institutional collapse within the financial sector,Thatcher’s legacy is collapsing – and Starmerism has no answers - The Telegraph,Putin’s regime may be closer to a Soviet collapse than we think,"['putins', 'collapsing', 'think', 'collapse', 'soviet', 'thatchers', 'answers', 'regime', 'legacy', 'starmerism', 'closer']",2024-12-06,https://www.telegraph.co.uk/business/2024/12/06/britain-economic-model-has-passed-its-expiration-date/,The Telegraph,https://www.telegraph.co.uk,negative,-0.225
22,Ineffective identification of bad firms and brokers,Best commission-free stock trading apps of 2024 - CNBC,"Best for streamlined trading: RobinhoodRobinhood Learn More Minimum deposit and balance Minimum deposit and balance requirements may vary depending on the investment vehicle selected.
[ Jump to more details ]Best for fractional shares: Charles SchwabCharles Schwab Learn More Minimum deposit and balance Minimum deposit and balance requirements may vary depending on the investment vehicle selected.
[ Jump to more details ]Best for educational resources: E-TradeE*TRADE Learn More Minimum deposit and balance Minimum deposit and balance requirements may vary depending on the investment vehicle selected.
Zero commission fees for stock, ETF, options trades and some mutual funds; zero transaction fees for over 3,400 mutual funds; $0.65 per options contract.
Minimum deposit and balanceNo minimum deposit to open an account and no minimum balance is required.","['account', 'apps', 'funds', 'investing', 'fees', 'mutual', '2024', 'investment', 'best', 'minimum', 'trading', 'deposit', 'commissionfree', 'options', 'stock']",2024-12-06,https://www.cnbc.com/select/best-brokerage-free-stock-trading/,CNBC,https://www.cnbc.com,positive,+0.112
5,Supply chain disruptions,Supply Chain Woes Cloud American Airlines 2025 Outlook - Forbes,"Clouds are seen from an American Airlines plane landing at DFW in September 2024.
(Photo by Jay L. ... [+] Clendenin) Getty ImagesAmerican Airlines CEO Robert Isom cited supply chain disruptions and constant weather threats as the biggest problems the airline faces as he looks ahead to 2025.
Isom joined Bank of America CEO Brian Moynihan on Thursday on an economic outlook panel hosted by the Charlotte Regional Business Alliance.
Charlotte is the site of the bank’s headquarters and the airline’s second largest hub: each company has about 15,000 Charlotte employees.
“We’ve got to get past this covid hangover.”Isom also noted that American carries about 650,000 passengers daily.","['woes', 'isom', 'airlines', 'charlotte', 'build', 'cloud', 'hub', 'chain', 'moynihan', 'supply', 'american', 'noted', 'travel', 'outlook', '2025', 'airline']",2024-12-06,https://www.forbes.com/sites/tedreed/2024/12/06/american-airlines-ceo-sees-suppliers-and-storms-as-biggest-2025-problems/,Forbes,https://www.forbes.com,negative,-0.07
7,2024 Presidential Election,Romania scraps presidential election after alleged Russian meddling - Financial Times,"Try unlimited access Only $1 for 4 weeksThen $75 per month.
Complete digital access to quality FT journalism on any device.
Cancel anytime during your trial.","['try', 'meddling', 'romania', 'weeksthen', 'ft', 'digital', 'scraps', 'russian', 'journalism', 'election', 'alleged', 'unlimited', 'month', 'presidential', 'trial', 'quality', 'access']",2024-12-06,https://www.ft.com/content/2248c05d-5536-4525-b0d2-330fc6140401,Financial Times,https://www.ft.com,negative,-0.074
7,2024 Presidential Election,Romanian Court Annuls Presidential Election Results and Orders a New Vote - The New York Times,,[],2024-12-06,https://www.nytimes.com/2024/12/06/world/europe/romania-election-court.html,The New York Times,https://www.nytimes.com,neutral,0.0
7,2024 Presidential Election,Romanian court annuls result of presidential election first round - BBC.com,"Romanian court annuls result of presidential election first roundCalin Georgescu cast his vote in the first round of voting last weekendThe court's decision comes after intelligence documents were declassified, suggesting Georgescu benefitted from a mass influence operation – conducted from abroad – to interfere with the result of the vote.
The first round was won by Calin Georgescu, an almost unknown far-right Nato-sceptic who has previously praised Vladimir Putin.
Romania's constitutional court has annulled the result of the first round of voting in the presidential election just days before the second round was due to take place.
Hours after the court's decision, Georgescu told a Romanian TV channel that the country's democracy was ""under attack"", describing the verdict as a ""formalised coup d'etat"".
He called the court's decision a matter of ""national security"".","['courts', 'voting', 'court', 'annuls', 'decision', 'round', 'process', 'election', 'vote', 'presidential', 'romanian', 'georgescu', 'result']",2024-12-06,https://www.bbc.com/news/articles/cn4x2epppego,BBC.com,https://www.bbc.com,positive,+0.122
7,2024 Presidential Election,Romanian top court annuls presidential election results - Reuters,,[],2024-12-06,https://www.reuters.com/world/europe/romanian-top-court-annuls-presidential-election-results-2024-12-06/,Reuters,https://www.reuters.com,neutral,0.0
7,2024 Presidential Election,Romania's cancelled presidential election and why it matters - BBC.com,"Romania's cancelled presidential election and why it mattersSarah Rainsford/BBCForty-eight hours before Romanians were due to vote in a presidential election run-off, the whole process was scrapped because of an unprecedented ruling by the constitutional court.
Moldova's recent presidential vote was held amid alleged Russian interference and voter fraud, and across the Black Sea in Georgia, the pro-Western opposition says contested elections there were hit by Kremlin meddling.
Judges from the constitutional court met on Friday to consider a large number of requests to annul the first round.
Romanians are split over the constitutional court decision.
Crin Antonescu, former leader of the National Liberal party however welcomed the court ruling and said he could not understand Lasconi's reaction.","['matters', 'court', 'decision', 'russian', 'cancelled', 'ruling', 'election', 'intelligence', 'vote', 'romanias', 'constitutional', 'state', 'presidential', 'georgescu']",2024-12-06,https://www.bbc.com/news/articles/cx2yl2zxrq1o,BBC.com,https://www.bbc.com,positive,+0.052
7,2024 Presidential Election,Romanian top court annuls presidential election result - CNBC,"People pass by electoral posters with candidates for the presidential and parliamentary elections in Bucharest on November 22, 2024.
Romania's top court annulled the result of the first round of the country's presidential election on Friday, adding that the entire election process would have to be rerun.
The second round had been due to be held on Sunday and voting is already underway in polling stations abroad.
The second round of the presidential contest that had been due to take place on Sunday would have pitted Georgescu, a far-right, pro-Russian candidate, against pro-EU centrist leader Elena Lasconi.
Far-right parties also performed well in last Sunday's parliamentary election in Romania, though the ruling Social Democrats emerged as the largest grouping and hope to cobble together a pro-EU coalition government.","['second', 'proeu', 'parliamentary', 'court', 'annuls', 'round', 'process', 'election', 'romanias', 'presidential', 'romanian', 'georgescu', 'result']",2024-12-06,https://www.cnbc.com/2024/12/06/romanian-top-court-annuls-presidential-election-result.html,CNBC,https://www.cnbc.com,positive,+0.071
7,2024 Presidential Election,Georgia election results 2024 live updates - The Washington Post,"President See full results for this race External page icon See full results External page iconIn 2020, Joe Biden became the first Democratic presidential candidate to win the Peach State since 1992.
Polls showed the race tight heading into Election Day in 2024.","['updates', 'page', 'state', 'showed', 'tight', 'results', 'win', '2024', 'president', 'live', 'election', 'external', 'georgia', 'presidential', 'race']",2024-12-06,https://www.washingtonpost.com/elections/results/2024/11/05/georgia/,The Washington Post,https://www.washingtonpost.com,positive,+0.083
7,2024 Presidential Election,Romanian court annuls first round of presidential election - The Guardian,"A top Romanian court has annulled the first round of the country’s presidential election, days after declassified intelligence alleged Russia ran a coordinated online campaign to promote the far-right outsider who won the first round.
The momentous move by the court effectively voids the national election, which will have to be re-run.
“The electoral process to elect Romania’s president will be fully re-run, and the government will set a new date and … calendar for the necessary steps,” the court said in a statement.
Georgescu, who calls for ending Romanian support for Ukraine to fend off Russia’s invasion, had polled in the single digits before the first round last month.
Romanian prosecutors said on Thursday they had opened a criminal investigation against Georgescu on suspicion of money-laundering.","['romania', 'court', 'annuls', 'president', 'round', 'russian', 'tiktok', 'election', 'romanias', 'presidential', 'romanian', 'georgescu', 'lasconi']",2024-12-06,https://www.theguardian.com/world/2024/dec/06/romanian-court-annuls-first-round-of-presidential-election,The Guardian,https://www.theguardian.com,positive,+0.118
23,Deepfakes,South Korean opposition leader thought martial law announcement was ‘a deepfake’ - CNN,"Seoul, South Korea CNN —The leader of South Korea’s main opposition party thought the president’s late night martial law announcement was a deepfake when he first saw it, he told CNN on Thursday as his party now seeks to impeach the country’s leader.
Protesters taking part in a march against South Korea President Yoon Suk Yeol head toward the Presidential Office in Seoul on December 4, 2024.
Meanwhile senior figures within the military have either distanced themselves from the martial law decree or indicated they were themselves caught unaware.
People and lawmakers attend a rally to condemn South Korean President’s surprise declarations of the martial law, at the national assembly in Seoul, South Korea, December 4, 2024.
“We are concerned and afraid that President Yoon might make another declaration of martial law at any time … since the last martial law failed,” she told CNN on Thursday.","['thought', 'yoon', 'lee', 'opposition', 'deepfake', 'martial', 'minister', 'law', 'president', 'south', 'leader', 'jaemyung', 'yoons', 'parliament', 'party', 'korean']",2024-12-05,https://www.cnn.com/2024/12/05/asia/south-korea-lee-jae-myung-martial-law-deepfake-intl-hnk/index.html,CNN,https://www.cnn.com,positive,+0.048
23,Deepfakes,‘It has to be a deepfake’: South Korean opposition leader on martial law announcement - CNN,"How relevant is this ad to you?
Video player was slow to load content Video content never loaded Ad froze or did not finish loading Video content did not start after ad Audio on ad was too loud Other issues","['loading', 'youvideo', 'deepfake', 'opposition', 'player', 'martial', 'law', 'announcement', 'video', 'leader', 'south', 'start', 'loud', 'ad', 'relevant', 'content', 'korean', 'slow']",2024-12-05,https://www.cnn.com/2024/12/05/world/video/south-korea-opposition-leader-martial-law-exclusive-interview-ldn-digvid,CNN,https://www.cnn.com,neutral,1.0
13,Artificial Intelligence,"Hedge fund Monolith returns 53% year to date on AI, data centre and China bets - Reuters",,[],2024-12-05,https://www.reuters.com/technology/artificial-intelligence/hedge-fund-monolith-returns-53-year-date-ai-data-centre-china-bets-2024-12-05/,Reuters,https://www.reuters.com,neutral,0.0
13,Artificial Intelligence,Artificial intelligence and the efficiency trap - The Boston Globe,"A suite of products offering summary shortcuts — “meta reading,” you might call it, though not in the Zuckerbergian sense — symbolizes this AI cult of efficiency.
In mere seconds, “Apple Intelligence” boils a long email down to a few lines, allowing her to feign the necessary knowledge.
For much of this year, Madison Avenue has had a tough task: prevent a trillion-dollar investment bubble from bursting by selling us new ways of living through artificial intelligence.
AdvertisementAs far as I could tell from my first foray into NotebookLM, there was no reason to read my book.
Perhaps foremost, we’d lose human connection.","['notebooklm', 'ai', 'trap', 'know', 'artificial', 'text', 'lines', 'reading', 'intelligence', 'read', 'efficiency', 'human', 'lose', 'information']",2024-12-05,https://www.bostonglobe.com/2024/12/05/opinion/artificial-intelligence-efficiency-trap/,The Boston Globe,https://www.bostonglobe.com,positive,+0.061
1,Macroeconomic Downturn,"Business leaders fear recession, labour shortages, World Economic Forum says - Reuters",,[],2024-12-05,https://www.reuters.com/markets/business-leaders-fear-recession-labour-shortages-world-economic-forum-says-2024-12-05/,Reuters,https://www.reuters.com,neutral,0.0
5,Supply chain disruptions,Malaysia says any U.S. tariffs on BRICS nations could impact semiconductor supply - Reuters,,[],2024-12-05,https://www.reuters.com/technology/malaysia-says-any-us-tariffs-brics-nations-could-impact-semiconductor-supply-2024-12-05/,Reuters,https://www.reuters.com,neutral,0.0
13,Artificial Intelligence,It’s Nearly Impossible To Get A Job in Artificial Intelligence Right Now - Forbes,"gettyOver the past few years, the topics of artificial intelligence and machine learning have become immensely popular, establishing themselves as mainstays of discussion in most households and workplaces.
However, despite the demand, the standards for getting a job in artificial intelligence and machine learning have never been more stringent.
Research indicates that conservatively, the AI market is expected to reach nearly $267 billion in value by 2027, with nearly a 37% CAGR.
In particular, the market cap for healthcare AI is supposed to increase by more than 10x over the next 8 years.
Without the right constellation of research, experience and hard skills in the field, it is nearly impossible to get a job in AI.","['right', 'talent', 'machine', 'ai', 'work', 'research', 'artificial', 'job', 'impossible', 'market', 'intelligence', 'nearly', 'healthcare']",2024-12-05,https://www.forbes.com/sites/saibala/2024/12/05/its-nearly-impossible-to-get-a-job-in-artificial-intelligence-right-now/,Forbes,https://www.forbes.com,positive,+0.129
3,Asset Bubble Burst,"Bitcoin Hits a Milestone: $100,000 - The New York Times",,[],2024-12-05,https://www.nytimes.com/2024/12/04/technology/bitcoin-price-record.html,The New York Times,https://www.nytimes.com,neutral,0.0
4,Commercial Real Estate,How To Find A Mentor In Real Estate Investing - Forbes,"(Robert Gauthier/Los Angeles Times via Getty Images) Los Angeles Times via Getty ImagesEntering the world of real estate investing can be both exciting and overwhelming.
Follow these guidelines to find a mentor in real estate investing.
Leverage Your Existing NetworkYou might have family, friends, or colleagues who are active in real estate.
You might also find Commercial Real Estate clubs that you can tap.
Finding a mentor in real estate investing can help you build a mutually beneficial relationship with someone who can guide you, challenge you, and inspire you to achieve your goals.","['guidance', 'investing', 'mentor', 'real', 'network', 'youre', 'market', 'estate', 'value', 'help']",2024-12-05,https://www.forbes.com/sites/jamesnelson/2024/12/05/how-to-find-a-mentor-in-real-estate-investing/,Forbes,https://www.forbes.com,positive,+0.184
7,2024 Presidential Election,French Poll Shows Majority Want Presidential Election in 2025 - Bloomberg,"A majority of French people want Emmanuel Macron to resign and advance the presidential election scheduled for 2027 to next year, according to a poll by Cluster17 for Le Point magazine.
Some opposition lawmakers have called for the president to step down after his government was toppled in a no-confidence vote on Wednesday.","['resign', 'point', 'poll', 'scheduled', 'majority', 'opposition', 'step', 'president', 'french', 'election', 'vote', '2025', 'toppled', 'presidential', 'shows']",2024-12-05,https://www.bloomberg.com/news/articles/2024-12-05/french-poll-shows-majority-want-presidential-election-in-2025,Bloomberg,https://www.bloomberg.com,negative,-0.044
4,Commercial Real Estate,State senator from Boston received thousands of dollars in donations before opposing Wu’s tax plan - The Boston Globe,"According to Collins’s campaign finance filings, the donors include several real estate consultants, the chief executives and other executives of local real estate firms and hotel operators, and two attorneys from the firm that owns the Prudential Center and other major office towers.
All told, Collins raised more than $25,000 in October and November, public records show, with almost all of it coming from real estate interests.
Coming amid slumping values in the office market, commercial real estate trade groups had fiercely opposed the tax shift for months until finally reaching a compromise in late October.
And Collins’s district is chock full of high-end commercial real estate.
AdvertisementThat makes Collins a natural recipient of the real estate industry’s largesse, said Jonathan Cohn, policy director of left-leaning advocacy group Progressive Massachusetts.","['blocking', 'commercial', 'real', 'senate', 'senator', 'city', 'property', 'donations', 'boston', 'vote', 'estate', 'collins', 'state', 'tax', 'big']",2024-12-05,https://www.bostonglobe.com/2024/12/04/business/wu-tax-plan-nick-collins-donations/,The Boston Globe,https://www.bostonglobe.com,positive,+0.067
7,2024 Presidential Election,When will Donald Trump take office as president? - BBC.com,"When will Donald Trump take office as president?
ReutersRepublican Donald Trump will be the next US president, after he defeated Democrat Kamala Harris in November's election.
Is Donald Trump president yet?
Getty Images Elon Musk has regularly been pictured with Donald Trump since the election.
Can Donald Trump serve a third term as president?","['inauguration', 'trump', 'college', 'electoral', 'office', 'president', 'trumps', 'biden', 'votes', 'donald']",2024-12-05,https://www.bbc.com/news/articles/cde7ng85jwgo,BBC.com,https://www.bbc.com,negative,-0.064
13,Artificial Intelligence,Fostering A Culture Of Exploration To Embrace Artificial Intelligence - Forbes,"Fostering A Culture Of Exploration To Embrace Artificial Intelligence gettyWhen I was a secretary in the early 1980s, I heard about typewriters with memory.
Without curiosity, AI is simply a tool that executes tasks—it’s the curiosity that drives its potential.
When curiosity becomes part of an organization’s culture, the adoption of AI doesn’t just happen—it thrives.
gettyHow Can Organizations Embrace Curiosity To Leverage AI More Effectively?
To fully leverage AI, curiosity must be embedded within the culture.","['organizations', 'assumptions', 'tool', 'leaders', 'ai', 'fostering', 'curiosity', 'artificial', 'embrace', 'culture', 'employees', 'exploration', 'intelligence']",2024-12-04,https://www.forbes.com/sites/dianehamilton/2024/12/04/fostering-a-culture-of-exploration-to-embrace-artificial-intelligence/,Forbes,https://www.forbes.com,positive,+0.151
23,Deepfakes,Polish billionaire seeks support for ‘deepfake’ scams lawsuit against Meta - Financial Times,"Try unlimited access Only $1 for 4 weeksThen $75 per month.
Complete digital access to quality FT journalism on any device.
Cancel anytime during your trial.","['scams', 'try', 'support', 'deepfake', 'weeksthen', 'billionaire', 'ft', 'digital', 'quality', 'meta', 'journalism', 'month', 'unlimited', 'trial', 'seeks', 'access', 'lawsuit', 'polish']",2024-12-04,https://www.ft.com/content/f390bf57-d3bd-4462-a722-cd1b755589a3,Financial Times,https://www.ft.com,negative,-0.074
23,Deepfakes,"Now AI Can Bypass Biometric Banking Security, Experts Warn - Forbes","Security researchers uncover massive AI-driven biometric security bypass gettyWhen a prominent Indonesian financial institution reported a deepfake fraud incident impacting its mobile application, threat intelligence specialists at Group-IB set out to determine exactly what had happened.
Despite this large organization having multiple layers of security, as any regulated industry would require, including defenses against rooting, jailbreaking and the exploitation of its mobile app, it fell victim to a deepfake attack.
Despite having dedicated mobile app security protections such as anti-emulation, anti-virtual environments and anti-hooking mechanisms, the institution still fell victim to a deepfake attack.
This report, this warning, shows just how easy it is becoming for threat actors to bypass what were considered state-of-the-art security protections until very recently.
Forbes AI Gambling Scam—A $10,000 Loss You Can Bet OnHere’s How AI is Bypassing Biometric Security in Financial InstitutionsThe Group-IB fraud investigation team was asked to help investigate an unnamed but “prominent” Indonesian financial institution following a spate of more than 1,100 deepfake fraud attempts being used to bypass their loan application security processes.","['fraud', 'huang', 'deepfake', 'ai', 'groupib', 'experts', 'warn', 'financial', 'banking', 'biometric', 'verification', 'bypass', 'used', 'security']",2024-12-04,https://www.forbes.com/sites/daveywinder/2024/12/04/ai-bypasses-biometric-security-in-1385-million-financial-fraud-risk/,Forbes,https://www.forbes.com,negative,-0.136
17,Disruptive financial regulation,South Korea’s Already Shaky Markets Further Rattled by Political Turmoil - The New York Times,,[],2024-12-04,https://www.nytimes.com/2024/12/03/world/asia/south-korea-markets-stocks.html,The New York Times,https://www.nytimes.com,neutral,0.0
6,Geopolitical Tensions,Oil slips ahead of OPEC+ decision on production cuts - Reuters,,[],2024-12-04,https://www.reuters.com/markets/commodities/oil-steady-markets-weigh-higher-us-stockpiles-opec-supply-plans-2024-12-04/,Reuters,https://www.reuters.com,neutral,0.0
6,Geopolitical Tensions,Major Gulf markets mixed on geopolitical tensions - Reuters,,[],2024-12-04,https://www.reuters.com/world/middle-east/major-gulf-markets-mixed-geopolitical-tensions-2024-12-04/,Reuters,https://www.reuters.com,neutral,0.0
13,Artificial Intelligence,Citigroup rolls out artificial intelligence tools for employees in eight countries - Reuters,,[],2024-12-04,https://www.reuters.com/technology/artificial-intelligence/citigroup-rolls-out-artificial-intelligence-tools-employees-eight-countries-2024-12-04/,Reuters,https://www.reuters.com,neutral,0.0
15,Quantum Computing,Chicago Wants to Build the Silicon Valley of Quantum Computing - The Wall Street Journal,,[],2024-12-04,https://www.wsj.com/articles/chicago-wants-to-build-the-silicon-valley-of-quantum-computing-8da25981,The Wall Street Journal,https://www.wsj.com,neutral,0.0
7,2024 Presidential Election,Far-right NATO critic seen winning Romanian presidential runoff vote - Reuters,,[],2024-12-04,https://www.reuters.com/world/europe/far-right-nato-critic-seen-winning-romanian-presidential-runoff-vote-2024-12-04/,Reuters,https://www.reuters.com,neutral,0.0
7,2024 Presidential Election,Romania hit by major election influence campaign and Russian cyber-attacks - BBC.com,"Authorities in Romania have revealed details of what appears to be a major attempt to interfere in the country’s presidential elections using the social media platform TikTok, and with a series of cyber-attacks.
A separate intelligence assessment says that Romania has been identified as an ""enemy state"" by Moscow and a priority target for what it calls ""aggressive hybrid actions"".
The documents released in this highly unusual move were all papers drawn up for a meeting of the security council following the first round of the presidential election.
An investigation is ongoing to discover who was responsible and whether there was any impact on the election.
God will not let Romania down,” Georgescu said.","['state', 'romania', 'hit', 'voting', 'round', 'russian', 'documents', 'cyberattacks', 'election', 'influence', 'tiktok', 'intelligence', 'major', 'campaign', 'presidential', 'georgescu']",2024-12-04,https://www.bbc.com/news/articles/cgq18w507dko,BBC.com,https://www.bbc.com,positive,+0.08
8,Gulf Tensions,Major Gulf markets mixed on geopolitical tensions - Reuters,,[],2024-12-04,https://www.reuters.com/world/middle-east/major-gulf-markets-mixed-geopolitical-tensions-2024-12-04/,Reuters,https://www.reuters.com,neutral,0.0
10,Conflict with China,The U.S.-China Trade War Could Be More Disruptive This Time - Forbes,"Commercial container port in Hong Kong gettyShortly after the U.S. trade war with China began in early 2018, I spoke at a conference in Shanghai about how long it would last.
The trade war was launched shortly after Special Trade Representative Robert Lighthizer produced a report in March 2018 that found China was conducting unfair trade practices.
Some observers at the time concluded the conflict would have a detrimental effect on China’s economy, but it was not readily apparent.
This raises the possibility there could be yet a further escalation of the trade war.
If so, global markets could turn volatile as investors realize there are no winners from a trade war between the world’s two largest economies that is more disruptive than before.","['uschina', 'imports', 'china', 'goods', 'tariffs', 'chinese', 'economy', 'chinas', 'trade', 'disruptive', 'mexico', 'war']",2024-12-04,https://www.forbes.com/sites/nicksargen/2024/12/04/the-us-china-trade-war-will-be-more-disruptive-this-time/,Forbes,https://www.forbes.com,negative,-0.182
7,2024 Presidential Election,Election 2024: House results - CNN,"How relevant is this ad to you?
Video player was slow to load content Video content never loaded Ad froze or did not finish loading Video content did not start after ad Audio on ad was too loud Other issues","['loading', 'youvideo', 'player', 'results', 'video', '2024', 'start', 'election', 'house', 'ad', 'loud', 'relevant', 'content', 'slow']",2024-12-04,https://www.cnn.com/election/2024/results/house,CNN,https://www.cnn.com,neutral,1.0
