EMERGING_RISK_ID,ALERT_NAME,TITLE,SUMMARY,KEYWORDS,PUBLISHED_DATE,LINK,SOURCE,SOURCE_URL,SENTIMENT,POLARITY
10,Conflict with China,Ukraine war briefing: Trump urges China to help end Ukraine war - The Guardian,"Donald Trump has called for an immediate ceasefire in Ukraine, a day after meeting the Ukrainian president, Volodymyr Zelenskyy, in Paris, claiming Kyiv “would like to make a deal” to end its war with Russia.
Too many lives are being needlessly wasted, too many families destroyed,” Trump said on Sunday in an online post.
Zelenskyy described his discussions with Trump, brought together by French President Emmanuel Macron, as “constructive” but gave no further details.
Russia brought war to our land,” he said Sunday in a post on the Telegram messaging app.
Trump has suggested that Assad’s ousting could advance the prospects for an end to fighting in Ukraine.","['trump', 'urges', 'ukraine', 'ceasefire', 'president', 'help', 'talk', 'zelenskyy', 'war', 'russia', 'end', 'peace', 'briefing', 'china']",2024-12-10,https://www.theguardian.com/world/2024/dec/09/ukraine-war-briefing-trump-urges-china-to-help-end-ukraine-war,The Guardian,https://www.theguardian.com,negative,-0.131
13,Artificial Intelligence,Artificial intelligence (AI) - The Guardian,"People are turning to chatbots to solve all their life problems, and they like its answers.
But are they on a very slippery slope?","['problems', 'turning', 'intelligence', 'artificial', 'answers', 'ai', 'chatbots', 'life', 'solve', 'slippery', 'slope']",2024-12-10,https://www.theguardian.com/technology/artificialintelligenceai,The Guardian,https://www.theguardian.com,positive,+0.121
4,Commercial Real Estate,"Where to Invest in Real Estate Right Now: Housing, REITs, Commercial - Bloomberg","Eventually, downtown office leasing rates will be so attractive compared to what they were in the past, and compared to other markets.
For commercial investors, the same applies, but even more so, for downtown office properties.
The strategy: Review the many purchase options in downtown San Francisco.
The Trump factor: Foreign immigration and investment — especially from China and India — has been a huge dynamic in the San Francisco Bay Area market for a long time, especially during tech booms.
The Bay Area has long been a magnet for the best and brightest around the world, and that has been a major factor in home price appreciation.","['right', 'san', 'state', 'real', 'estate', 'past', 'markets', 'market', 'francisco', 'office', 'bay', 'downtown', 'area', 'invest']",2024-12-09,https://www.bloomberg.com/features/2024-how-to-invest-real-estate-Q4/,Bloomberg,https://www.bloomberg.com,positive,+0.193
15,Quantum Computing,2025 Tech Predictions: AI Maturity And Cybersecurity Evolution - Forbes,"2025: Shaping The Future Of Technology With AI, Cybersecurity, And Innovation gettyAs we step into 2025, the tech industry is on the brink of transformative shifts.
These frameworks will ensure responsible AI development and enhance trust in AI solutions.
Upskilling in Emerging Tech : Professionals will focus on gaining expertise in AI, cybersecurity, and quantum computing to stay competitive in the tech job market.
: Professionals will focus on gaining expertise in AI, cybersecurity, and quantum computing to stay competitive in the tech job market.
Global Cybersecurity Alliances : Governments will collaborate on cross-border cybersecurity initiatives to counter global threats.","['predictions', 'global', 'tech', '2025', 'data', 'solutions', 'reduce', 'maturity', 'ai', 'energy', 'enhance', 'evolution', 'computing', 'cybersecurity']",2024-12-09,https://www.forbes.com/sites/emilsayegh/2024/12/09/2025-tech-predictions-ai-maturity-and-cybersecurity-evolution/,Forbes,https://www.forbes.com,positive,+0.188
10,Conflict with China,"China-US Trade Conflict Escalates With Drone Part Curbs, Nvidia Probe - Bloomberg","US-China trade tensions are spilling into the war in Ukraine.
The next Grand Theft Auto game may be the biggest of the year...and decade.
And a spike in female fortunes will transform investing and philanthropy around the world.
China’s escalating trade conflict with Washington is extending to drones as the country cuts off key supplies to the US and Europe that have been vital to Ukraine’s defense.
Chinese manufacturers recently began limiting sales of key components used to build unmanned aerial vehicles, according to people familiar.","['vehicles', 'world', 'probe', 'used', 'washington', 'conflict', 'trade', 'key', 'chinaus', 'nvidia', 'vital', 'yearand', 'curbs', 'escalates', 'war', 'sales', 'drone']",2024-12-09,https://www.bloomberg.com/news/newsletters/2024-12-09/china-us-trade-conflict-escalates-with-drone-part-curbs-nvidia-probe,Bloomberg,https://www.bloomberg.com,negative,-0.115
10,Conflict with China,China Is Cutting Off Drone Supplies Critical to Ukraine War Effort - Bloomberg,"China’s escalating conflict with the US over trade is now extending to the drones that have become a vital part of Ukraine’s defense.
Manufacturers in China recently began limiting sales to the US and Europe of key components used to build unmanned aerial vehicles, according to multiple people with knowledge of the developments, who asked not to be identified discussing sensitive information.","['vehicles', 'used', 'multiple', 'ukraine', 'recently', 'trade', 'supplies', 'critical', 'effort', 'ukraines', 'cutting', 'vital', 'war', 'sensitive', 'sales', 'drone', 'china', 'unmanned']",2024-12-09,https://www.bloomberg.com/news/articles/2024-12-09/china-is-cutting-off-drone-supplies-critical-to-ukraine-war-effort,Bloomberg,https://www.bloomberg.com,positive,+0.057
7,2024 Presidential Election,Ghana’s former president John Dramani Mahama wins election - The Guardian,"Ghana’s former president John Dramani Mahama has won a historic comeback election victory after voters appeared to punish the ruling New Patriotic party over its management of an economic crisis.
For Mahama, the country’s president from 2012 to 2017, it was his third attempt to reclaim the presidency after falling short in 2016 and 2020 elections.
In what was a speedy concession with official vote tallies still coming in, Bawumia said he had called Mahama, the National Democratic Congress (NDC), candidate to congratulate him.
Blaring horns, waving flags and cheering, Mahama supporters were already celebrating outside the party campaign headquarters in the capital, Accra.
Under the slogan “Break the 8” – a reference to two terms in power – Bawumia had sought to lead the NPP to an unprecedented third term.","['dramani', 'power', 'party', 'president', 'mahama', 'wins', 'election', 'economic', 'bawumia', 'john', 'official', 'ghanas', 'vote', 'npp']",2024-12-08,https://www.theguardian.com/world/2024/dec/08/ghana-former-president-john-dramani-mahama-wins-election,The Guardian,https://www.theguardian.com,positive,+0.146
9,Anti-regulator policy focus,How billionaire Charles Koch’s network won a 40-year war to curb regulation - The Washington Post,,[],2024-12-08,https://www.washingtonpost.com/politics/2024/12/08/supreme-court-koch-chevron-ruling-administrative-state/,The Washington Post,https://www.washingtonpost.com,neutral,0.0
7,2024 Presidential Election,Former Ghana leader pulls off historic comeback after crucial presidential election - CNN,"CNN —Ghana’s Vice President Mahamudu Bawumia has conceded defeat a day after a tense presidential election, marking a historic political comeback for the opposition candidate, former leader John Mahama.
Bawumia said in his concession speech on Sunday morning that internally collated results showed that “Mahama has won the presidential election decisively,” ahead of a formal announcement by the electoral commission.
Bawumia said the opposition National Democratic Congress (NDC) party had also won the parliamentary election.
Bawumia, 61, a UK-trained economist who chaired the nation’s economic management team, faced criticism ahead of the elections over his handling of the struggling economy.
On the campaign trail, Mahama also criticized him for saying little about the economy.","['presidential', 'crucial', 'won', 'mahama', 'election', 'bawumia', 'john', 'economy', 'opposition', 'historic', 'comeback', 'leader', 'ghana', 'victory', 'pulls']",2024-12-08,https://www.cnn.com/2024/12/08/africa/john-mahama-reelection-ghana-intl/index.html,CNN,https://www.cnn.com,negative,-0.105
6,Geopolitical Tensions,"From Apple to Starbucks, Western firms’ China dreams are dying - The Economist",The World Ahead By Invitation: United States in 2025The professor of history and grand strategy at the US Naval War College says history offers valuable lessons,"['western', 'apple', 'world', 'firms', 'history', 'naval', 'united', 'valuable', 'states', 'dying', 'professor', 'dreams', 'offers', 'war', 'strategy', 'starbucks', 'china']",2024-12-08,https://www.economist.com/business/2024/12/08/from-apple-to-starbucks-western-firms-china-dreams-are-dying,The Economist,https://www.economist.com,positive,+0.256
7,2024 Presidential Election,2024 Arizona Election Results: Live Vote Counts and Map - Bloomberg,"Connecting decision makers to a dynamic network of information, people and ideas, Bloomberg quickly and accurately delivers business and financial information, news and insight around the worldConnecting decision makers to a dynamic network of information, people and ideas, Bloomberg quickly and accurately delivers business and financial information, news and insight around the worldUS Election 2024 Arizona Election Results November 5, 2024Arizona voters will cast ballots in races for president, US Senate and the state’s nine US House seats.
The Presidential race is a “Toss Up,” according to ratings from the Cook Political Report.
Median household incomes are based on inflation-adjusted data from January to December 2023; educational attainment shares are for the population 25 years and over, both based on the 2023 Census ACS 1-year estimates.
Regional price parity for housing is calculated by the Bureau of Economic Analysis and represents how much more (above 100) or less (less than 100) expensive housing rent expenditures are in a state compared to the national average in 2022, the latest available year.
The three largest occupations per state are based on the Bureau of Labor Statistics release of Occupational Employment and Wage Statistics in 2023, the latest available data.","['incumbent', 'map', 'candidate', 'republican', '2024', 'state', 'arizona', 'election', 'democratic', 'yes', 'vote', 'votes', 'counts', 'results', 'district', 'pct', 'live']",2024-12-07,https://www.bloomberg.com/graphics/2024-us-election-results/arizona/,Bloomberg,https://www.bloomberg.com,positive,+0.037
7,2024 Presidential Election,Romania’s top court annuls presidential election result - CNN,"CNN —Romania’s constitutional court has annulled the first round of the country’s 2024 presidential election process, which was narrowly won by far-right ultranationalist candidate Calin Georgescu amid allegations of Russian interference.
Friday’s decision caps off a troubled election cycle in the country, with the same court last week ordering a recount of the first-round votes.
Meanwhile, the center-right Lasconi, of the Save Romania Union (USR) party, ran a campaign pledging to keep Romania on its pro-Western course.
A Jandarmeria member closes a gate to the Palace of Parliament, after the Romanian top court annulled the result of the first round of the presidential election, in Bucharest on Friday.
Another protester, a student named Daniel, pointed to “a lot of fraud, suspected fraud at the voting stations” in the first-round vote.","['romania', 'presidential', 'campaign', 'round', 'romanian', 'election', 'result', 'court', 'romanias', 'annuls', 'decision', 'state', 'georgescu']",2024-12-07,https://www.cnn.com/2024/12/06/europe/romania-annuls-presidential-election-intl/index.html,CNN,https://www.cnn.com,negative,-0.086
7,2024 Presidential Election,Romanian top court annuls presidential election result - CNBC,"People pass by electoral posters with candidates for the presidential and parliamentary elections in Bucharest on November 22, 2024.
Romania's top court annulled the result of the first round of the country's presidential election on Friday, adding that the entire election process would have to be rerun.
The second round had been due to be held on Sunday and voting is already underway in polling stations abroad.
The second round of the presidential contest that had been due to take place on Sunday would have pitted Georgescu, a far-right, pro-Russian candidate, against pro-EU centrist leader Elena Lasconi.
Far-right parties also performed well in last Sunday's parliamentary election in Romania, though the ruling Social Democrats emerged as the largest grouping and hope to cobble together a pro-EU coalition government.","['second', 'presidential', 'round', 'romanian', 'election', 'result', 'court', 'romanias', 'annuls', 'parliamentary', 'process', 'proeu', 'georgescu']",2024-12-06,https://www.cnbc.com/2024/12/06/romanian-top-court-annuls-presidential-election-result.html,CNBC,https://www.cnbc.com,positive,+0.071
7,2024 Presidential Election,Romania’s Top Court Orders Rerun of Presidential Election - Bloomberg,"Romania’s top court threw the country into renewed political turmoil after it ordered a repeat of a presidential election over allegations of Russian meddling, the first such ruling in the nation’s history.
The Constitutional Court in Bucharest annulled last month’s first-round vote, which saw far-right independent Calin Georgescu pull off a shock victory, and scrapped a runoff scheduled for Sunday.
The presidential election must be held again in its entirety, the court said.","['presidential', 'threw', 'romanian', 'election', 'court', 'rerun', 'turmoil', 'vote', 'orders', 'scheduled', 'scrapped', 'shock', 'victory']",2024-12-06,https://www.bloomberg.com/news/articles/2024-12-06/romanian-top-court-orders-rerun-of-presidential-election,Bloomberg,https://www.bloomberg.com,negative,-0.066
7,2024 Presidential Election,Georgia election results 2024 live updates - The Washington Post,,[],2024-12-06,https://www.washingtonpost.com/elections/results/2024/11/05/georgia/,The Washington Post,https://www.washingtonpost.com,neutral,0.0
7,2024 Presidential Election,Romanian court annuls first round of presidential election - The Guardian,"A top Romanian court has annulled the first round of the country’s presidential election, days after declassified intelligence alleged Russia ran a coordinated online campaign to promote the far-right outsider who won the first round.
The momentous move by the court effectively voids the national election, which will have to be re-run.
“The electoral process to elect Romania’s president will be fully re-run, and the government will set a new date and … calendar for the necessary steps,” the court said in a statement.
Georgescu, who calls for ending Romanian support for Ukraine to fend off Russia’s invasion, had polled in the single digits before the first round last month.
Romanian prosecutors said on Thursday they had opened a criminal investigation against Georgescu on suspicion of money-laundering.","['romania', 'lasconi', 'round', 'presidential', 'romanian', 'president', 'russian', 'election', 'court', 'tiktok', 'romanias', 'annuls', 'georgescu']",2024-12-06,https://www.theguardian.com/world/2024/dec/06/romanian-court-annuls-first-round-of-presidential-election,The Guardian,https://www.theguardian.com,positive,+0.118
10,Conflict with China,"US-China Tech War Fuels Asia Boomtowns Built on AI, Chips - Bloomberg","Caravans of sand-filled trucks and bright red cranes punctuate the skyline of a rapidly expanding industrial complex in northern Vietnam.
Further south in Malaysia, quiet villages and palm oil plantations are metamorphosing into heavy-duty technological manufacturing estates.
As multinationals, governments and startups rush to develop AI, establish chipmaking hubs and carve out access to raw computing power, the fallout from escalating Beijing-Washington tensions is seeding the tech nerve centers of the future in Southeast Asia and transforming the towns that surround them.","['boomtowns', 'technological', 'vietnam', 'transforming', 'asia', 'tech', 'surround', 'tensions', 'trucks', 'uschina', 'ai', 'startups', 'built', 'war', 'towns', 'villages', 'fuels', 'chips']",2024-12-06,https://www.bloomberg.com/news/features/2024-12-06/us-china-tech-war-helps-ai-fueled-growth-in-malaysia-vietnam,Bloomberg,https://www.bloomberg.com,positive,+0.034
7,2024 Presidential Election,Louisiana election results 2024 live updates - The Washington Post,,[],2024-12-06,https://www.washingtonpost.com/elections/results/2024/11/05/louisiana/,The Washington Post,https://www.washingtonpost.com,neutral,0.0
5,Supply chain disruptions,Supply Chain Woes Cloud American Airlines 2025 Outlook - Forbes,"Clouds are seen from an American Airlines plane landing at DFW in September 2024.
(Photo by Jay L. ... [+] Clendenin) Getty ImagesAmerican Airlines CEO Robert Isom cited supply chain disruptions and constant weather threats as the biggest problems the airline faces as he looks ahead to 2025.
Isom joined Bank of America CEO Brian Moynihan on Thursday on an economic outlook panel hosted by the Charlotte Regional Business Alliance.
Charlotte is the site of the bank’s headquarters and the airline’s second largest hub: each company has about 15,000 Charlotte employees.
“We’ve got to get past this covid hangover.”Isom also noted that American carries about 650,000 passengers daily.","['airlines', 'moynihan', 'noted', 'hub', 'chain', 'airline', '2025', 'build', 'american', 'cloud', 'supply', 'isom', 'charlotte', 'woes', 'travel', 'outlook']",2024-12-06,https://www.forbes.com/sites/tedreed/2024/12/06/american-airlines-ceo-sees-suppliers-and-storms-as-biggest-2025-problems/,Forbes,https://www.forbes.com,negative,-0.07
22,Ineffective identification of bad firms and brokers,Best commission-free stock trading apps of 2024 - CNBC,"Best for streamlined trading: RobinhoodRobinhood Learn More Minimum deposit and balance Minimum deposit and balance requirements may vary depending on the investment vehicle selected.
[ Jump to more details ]Best for fractional shares: Charles SchwabCharles Schwab Learn More Minimum deposit and balance Minimum deposit and balance requirements may vary depending on the investment vehicle selected.
[ Jump to more details ]Best for educational resources: E-TradeE*TRADE Learn More Minimum deposit and balance Minimum deposit and balance requirements may vary depending on the investment vehicle selected.
Zero commission fees for stock, ETF, options trades and some mutual funds; zero transaction fees for over 3,400 mutual funds; $0.65 per options contract.
Minimum deposit and balanceNo minimum deposit to open an account and no minimum balance is required.","['commissionfree', '2024', 'stock', 'minimum', 'best', 'options', 'account', 'trading', 'funds', 'deposit', 'investing', 'investment', 'fees', 'mutual', 'apps']",2024-12-06,https://www.cnbc.com/select/best-brokerage-free-stock-trading/,CNBC,https://www.cnbc.com,positive,+0.112
23,Deepfakes,South Korean opposition leader thought martial law announcement was ‘a deepfake’ - CNN,"Seoul, South Korea CNN —The leader of South Korea’s main opposition party thought the president’s late night martial law announcement was a deepfake when he first saw it, he told CNN on Thursday as his party now seeks to impeach the country’s leader.
Protesters taking part in a march against South Korea President Yoon Suk Yeol head toward the Presidential Office in Seoul on December 4, 2024.
Meanwhile senior figures within the military have either distanced themselves from the martial law decree or indicated they were themselves caught unaware.
People and lawmakers attend a rally to condemn South Korean President’s surprise declarations of the martial law, at the national assembly in Seoul, South Korea, December 4, 2024.
“We are concerned and afraid that President Yoon might make another declaration of martial law at any time … since the last martial law failed,” she told CNN on Thursday.","['south', 'korean', 'yoon', 'parliament', 'minister', 'thought', 'party', 'president', 'martial', 'deepfake', 'law', 'opposition', 'jaemyung', 'leader', 'lee', 'yoons']",2024-12-05,https://www.cnn.com/2024/12/05/asia/south-korea-lee-jae-myung-martial-law-deepfake-intl-hnk/index.html,CNN,https://www.cnn.com,positive,+0.048
13,Artificial Intelligence,It’s Nearly Impossible To Get A Job in Artificial Intelligence Right Now - Forbes,"gettyOver the past few years, the topics of artificial intelligence and machine learning have become immensely popular, establishing themselves as mainstays of discussion in most households and workplaces.
However, despite the demand, the standards for getting a job in artificial intelligence and machine learning have never been more stringent.
Research indicates that conservatively, the AI market is expected to reach nearly $267 billion in value by 2027, with nearly a 37% CAGR.
In particular, the market cap for healthcare AI is supposed to increase by more than 10x over the next 8 years.
Without the right constellation of research, experience and hard skills in the field, it is nearly impossible to get a job in AI.","['right', 'intelligence', 'research', 'artificial', 'talent', 'ai', 'job', 'market', 'nearly', 'machine', 'healthcare', 'impossible', 'work']",2024-12-05,https://www.forbes.com/sites/saibala/2024/12/05/its-nearly-impossible-to-get-a-job-in-artificial-intelligence-right-now/,Forbes,https://www.forbes.com,positive,+0.129
23,Deepfakes,‘It has to be a deepfake’: South Korean opposition leader on martial law announcement - CNN,"How relevant is this ad to you?
Video player was slow to load content Video content never loaded Ad froze or did not finish loading Video content did not start after ad Audio on ad was too loud Other issues","['south', 'korean', 'loading', 'relevant', 'content', 'youvideo', 'announcement', 'player', 'martial', 'video', 'deepfake', 'law', 'start', 'opposition', 'loud', 'leader', 'ad', 'slow']",2024-12-05,https://www.cnn.com/2024/12/05/world/video/south-korea-opposition-leader-martial-law-exclusive-interview-ldn-digvid,CNN,https://www.cnn.com,neutral,1.0
9,Anti-regulator policy focus,"Police may search a vehicle based on the smell of raw cannabis, Illinois Supreme Court rules - Chicago Tribune","The smell of raw cannabis is grounds for police to search a vehicle, the Illinois Supreme Court ruled Thursday.
The decision runs counter to the court’s previous ruling that the smell of burnt cannabis by itself is not sufficient reason for a vehicle search.
“The odor of raw cannabis strongly suggests that the cannabis is not being possessed within the parameters of Illinois law.
“It makes no sense to treat raw cannabis as more probative when the odor of burnt cannabis may suggest recent use, whereas the odor of raw cannabis does not suggest consumption.
The state Supreme Court suggested that those laws should be made consistent.","['illinois', 'search', 'rules', 'court', 'based', 'smell', 'raw', 'vehicle', 'supreme', 'burnt', 'cannabis', 'odor']",2024-12-05,https://www.chicagotribune.com/2024/12/05/police-may-search-a-vehicle-based-on-the-smell-of-raw-cannabis-illinois-supreme-court-rules/,Chicago Tribune,https://www.chicagotribune.com,positive,+0.103
4,Commercial Real Estate,How To Find A Mentor In Real Estate Investing - Forbes,"(Robert Gauthier/Los Angeles Times via Getty Images) Los Angeles Times via Getty ImagesEntering the world of real estate investing can be both exciting and overwhelming.
Follow these guidelines to find a mentor in real estate investing.
Leverage Your Existing NetworkYou might have family, friends, or colleagues who are active in real estate.
You might also find Commercial Real Estate clubs that you can tap.
Finding a mentor in real estate investing can help you build a mutually beneficial relationship with someone who can guide you, challenge you, and inspire you to achieve your goals.","['value', 'network', 'real', 'help', 'estate', 'investing', 'youre', 'market', 'mentor', 'guidance']",2024-12-05,https://www.forbes.com/sites/jamesnelson/2024/12/05/how-to-find-a-mentor-in-real-estate-investing/,Forbes,https://www.forbes.com,positive,+0.184
7,2024 Presidential Election,French Poll Shows Majority Want Presidential Election in 2025 - Bloomberg,"A majority of French people want Emmanuel Macron to resign and advance the presidential election scheduled for 2027 to next year, according to a poll by Cluster17 for Le Point magazine.
Some opposition lawmakers have called for the president to step down after his government was toppled in a no-confidence vote on Wednesday.","['shows', 'presidential', 'poll', 'president', 'election', 'majority', '2025', 'french', 'toppled', 'opposition', 'vote', 'scheduled', 'resign', 'step', 'point']",2024-12-05,https://www.bloomberg.com/news/articles/2024-12-05/french-poll-shows-majority-want-presidential-election-in-2025,Bloomberg,https://www.bloomberg.com,negative,-0.044
10,Conflict with China,The U.S.-China Trade War Could Be More Disruptive This Time - Forbes,"Commercial container port in Hong Kong gettyShortly after the U.S. trade war with China began in early 2018, I spoke at a conference in Shanghai about how long it would last.
The trade war was launched shortly after Special Trade Representative Robert Lighthizer produced a report in March 2018 that found China was conducting unfair trade practices.
Some observers at the time concluded the conflict would have a detrimental effect on China’s economy, but it was not readily apparent.
This raises the possibility there could be yet a further escalation of the trade war.
If so, global markets could turn volatile as investors realize there are no winners from a trade war between the world’s two largest economies that is more disruptive than before.","['imports', 'tariffs', 'trade', 'disruptive', 'mexico', 'uschina', 'goods', 'war', 'chinese', 'chinas', 'economy', 'china']",2024-12-04,https://www.forbes.com/sites/nicksargen/2024/12/04/the-us-china-trade-war-will-be-more-disruptive-this-time/,Forbes,https://www.forbes.com,negative,-0.182
13,Artificial Intelligence,Fostering A Culture Of Exploration To Embrace Artificial Intelligence - Forbes,"Fostering A Culture Of Exploration To Embrace Artificial Intelligence gettyWhen I was a secretary in the early 1980s, I heard about typewriters with memory.
Without curiosity, AI is simply a tool that executes tasks—it’s the curiosity that drives its potential.
When curiosity becomes part of an organization’s culture, the adoption of AI doesn’t just happen—it thrives.
gettyHow Can Organizations Embrace Curiosity To Leverage AI More Effectively?
To fully leverage AI, curiosity must be embedded within the culture.","['fostering', 'employees', 'intelligence', 'organizations', 'exploration', 'curiosity', 'artificial', 'embrace', 'ai', 'leaders', 'tool', 'culture', 'assumptions']",2024-12-04,https://www.forbes.com/sites/dianehamilton/2024/12/04/fostering-a-culture-of-exploration-to-embrace-artificial-intelligence/,Forbes,https://www.forbes.com,positive,+0.151
16,Demographic shift in aging registered reps (and investment advisors),The Power Of Storytelling In Investment Planning: Why Consequences Matter More Than Products - Forbes,"gettyThe Missed Opportunity of CommunicationFinancial advisors spend much of their time explaining the benefits of various products.
Time Moves On—Whether You're Ready or NotThe reality is, the events we’re planning for—college, retirement, unforeseen medical expenses—will happen.
Financial advisors need to help clients see that, and storytelling is one of the most effective ways to make that happen.
It’s time for more advisors to use storytelling to inspire clients to make the decisions today that will protect their futures tomorrow.
The Role of Financial Advisors in Shaping the FutureUltimately, investment planning is about helping people navigate the complexities of life.","['clients', 'matter', 'power', 'storytelling', 'advisors', 'financial', 'future', 'products', 'life', 'planning', 'investment', 'consequences', 'retirement', 'plan']",2024-12-04,https://www.forbes.com/sites/forbes-shook/2024/12/04/the-power-of-storytelling-in-investment-planning-why-consequences-matter-more-than-products/,Forbes,https://www.forbes.com,positive,+0.196
7,2024 Presidential Election,Election 2024: House results - CNN,"How relevant is this ad to you?
Video player was slow to load content Video content never loaded Ad froze or did not finish loading Video content did not start after ad Audio on ad was too loud Other issues","['house', 'loading', 'relevant', 'content', 'youvideo', '2024', 'player', 'election', 'video', 'start', 'loud', 'results', 'ad', 'slow']",2024-12-04,https://www.cnn.com/election/2024/results/house,CNN,https://www.cnn.com,neutral,1.0
23,Deepfakes,"Now AI Can Bypass Biometric Banking Security, Experts Warn - Forbes","Security researchers uncover massive AI-driven biometric security bypass gettyWhen a prominent Indonesian financial institution reported a deepfake fraud incident impacting its mobile application, threat intelligence specialists at Group-IB set out to determine exactly what had happened.
Despite this large organization having multiple layers of security, as any regulated industry would require, including defenses against rooting, jailbreaking and the exploitation of its mobile app, it fell victim to a deepfake attack.
Despite having dedicated mobile app security protections such as anti-emulation, anti-virtual environments and anti-hooking mechanisms, the institution still fell victim to a deepfake attack.
This report, this warning, shows just how easy it is becoming for threat actors to bypass what were considered state-of-the-art security protections until very recently.
Forbes AI Gambling Scam—A $10,000 Loss You Can Bet OnHere’s How AI is Bypassing Biometric Security in Financial InstitutionsThe Group-IB fraud investigation team was asked to help investigate an unnamed but “prominent” Indonesian financial institution following a spate of more than 1,100 deepfake fraud attempts being used to bypass their loan application security processes.","['warn', 'biometric', 'used', 'huang', 'financial', 'bypass', 'security', 'experts', 'deepfake', 'ai', 'fraud', 'banking', 'verification', 'groupib']",2024-12-04,https://www.forbes.com/sites/daveywinder/2024/12/04/ai-bypasses-biometric-security-in-1385-million-financial-fraud-risk/,Forbes,https://www.forbes.com,negative,-0.136
9,Anti-regulator policy focus,Supreme Court leans toward upholding Tennessee’s restrictions on gender-affirming care - The Hill,"The Supreme Court’s conservatives appeared to lean toward upholding Tennessee’s ban on gender-affirming care for minors in a blockbuster showdown over transgender rights Wednesday.
“This is no ordinary medical regulation,” Pratik Shah, head of Supreme Court and appellate practice at Akin Gump, said of Tennessee’s law.
Tennessee’s law, S.B.
The Biden administration insists the same reasoning applies to the Equal Protection Clause and Tennessee’s gender-affirming care ban should be invalidated.
The court’s liberals, meanwhile, sympathized with the Biden administration’s citation of major medical organizations that consider gender-affirming care safe and medically necessary.","['transgender', 'leans', 'court', 'genderaffirming', 'upholding', 'law', 'care', 'trans', 'justice', 'tennessees', 'supreme', 'rights', 'restrictions']",2024-12-04,https://thehill.com/regulation/court-battles/5022258-supreme-court-tennessee-gender-affirming-care/,The Hill,https://thehill.com,positive,+0.205
10,Conflict with China,"To defend Taiwan tomorrow, we must prepare to sanction China today - The Hill","In the aftermath of Russia’s invasion more than two-and-a-half years ago, the United States and a coalition of allied governments united to impose significant sanctions on Moscow.
Since then, the United States, European Union, United Kingdom, Australia, Canada, Japan and others have collectively imposed nearly 20,000 sanctions on Russia.
We must learn from that grave oversight and proactively plan to sanction key sectors of the Chinese economy if China invades Taiwan.
By proposing substantial sanctions on China in the event of a military invasion of Taiwan, the STAND Act sends a clear and credible message.
For an adversary like China, which faces significant economic headwinds, this is precisely the path the United States should pursue.","['prepare', 'sanction', 'significant', 'conflict', 'sanctions', 'states', 'military', 'economic', 'deterrent', 'taiwan', 'today', 'defend', 'tomorrow', 'united', 'china']",2024-12-03,https://thehill.com/opinion/5018289-taiwan-china-economic-statecraft/,The Hill,https://thehill.com,positive,+0.184
